command_id,officer_id,preference,command_name,billet_count_max,officer_tag
201,401,58,NH Guam,1,xvxe
201,402,30,NH Guam,1,kobl
201,403,15,NH Guam,1,x0qi
201,404,40,NH Guam,1,pd7n
201,405,2,NH Guam,1,87cl
201,406,17,NH Guam,1,m8w6
201,407,53,NH Guam,1,wnaf
201,408,59,NH Guam,1,as5q
201,409,5,NH Guam,1,pb8x
201,410,14,NH Guam,1,5t8r
201,411,25,NH Guam,1,2tb7
201,412,45,NH Guam,1,9aa1
201,413,6,NH Guam,1,5sjg
201,414,3,NH Guam,1,k1lv
201,415,46,NH Guam,1,cn7q
201,416,34,NH Guam,1,1qhj
201,417,18,NH Guam,1,s9l6
201,418,4,NH Guam,1,bakn
201,419,20,NH Guam,1,pt9y
201,420,27,NH Guam,1,paed
201,421,50,NH Guam,1,zaif
201,422,33,NH Guam,1,h8pg
201,423,61,NH Guam,1,vqdq
201,424,57,NH Guam,1,d6hs
201,425,60,NH Guam,1,tb5t
201,426,16,NH Guam,1,d2nz
201,427,49,NH Guam,1,9je3
201,428,13,NH Guam,1,vzno
201,429,32,NH Guam,1,85i6
201,430,39,NH Guam,1,zkff
201,431,1,NH Guam,1,6ust
201,432,7,NH Guam,1,785o
201,433,55,NH Guam,1,6zmz
201,434,24,NH Guam,1,525l
201,435,37,NH Guam,1,cbku
201,436,28,NH Guam,1,0cot
201,437,56,NH Guam,1,ojoz
201,438,35,NH Guam,1,tun2
201,439,41,NH Guam,1,ob7u
201,440,9,NH Guam,1,27vk
201,441,48,NH Guam,1,ovvy
201,442,26,NH Guam,1,bqrp
201,443,44,NH Guam,1,yocg
201,444,52,NH Guam,1,yk8a
201,445,23,NH Guam,1,fg86
201,446,19,NH Guam,1,wfv3
201,447,22,NH Guam,1,goed
201,448,47,NH Guam,1,nkql
201,449,38,NH Guam,1,lptr
201,450,51,NH Guam,1,2w56
201,451,29,NH Guam,1,fjh2
201,452,10,NH Guam,1,lsg3
201,453,62,NH Guam,1,lgds
201,454,12,NH Guam,1,jp1a
201,455,54,NH Guam,1,zs4z
201,456,11,NH Guam,1,0izt
201,457,31,NH Guam,1,7-Jun
201,458,43,NH Guam,1,jmhn
201,459,8,NH Guam,1,zpzj
201,460,36,NH Guam,1,q5lj
201,461,42,NH Guam,1,rzj1
201,462,21,NH Guam,1,hw3p
202,401,5,WRNMMC,0,xvxe
202,402,56,WRNMMC,0,kobl
202,403,51,WRNMMC,0,x0qi
202,404,15,WRNMMC,0,pd7n
202,405,8,WRNMMC,0,87cl
202,406,20,WRNMMC,0,m8w6
202,407,19,WRNMMC,0,wnaf
202,408,9,WRNMMC,0,as5q
202,409,27,WRNMMC,0,pb8x
202,410,17,WRNMMC,0,5t8r
202,411,61,WRNMMC,0,2tb7
202,412,43,WRNMMC,0,9aa1
202,413,22,WRNMMC,0,5sjg
202,414,3,WRNMMC,0,k1lv
202,415,57,WRNMMC,0,cn7q
202,416,23,WRNMMC,0,1qhj
202,417,35,WRNMMC,0,s9l6
202,418,18,WRNMMC,0,bakn
202,419,28,WRNMMC,0,pt9y
202,420,49,WRNMMC,0,paed
202,421,30,WRNMMC,0,zaif
202,422,40,WRNMMC,0,h8pg
202,423,59,WRNMMC,0,vqdq
202,424,32,WRNMMC,0,d6hs
202,425,53,WRNMMC,0,tb5t
202,426,48,WRNMMC,0,d2nz
202,427,16,WRNMMC,0,9je3
202,428,55,WRNMMC,0,vzno
202,429,46,WRNMMC,0,85i6
202,430,31,WRNMMC,0,zkff
202,431,13,WRNMMC,0,6ust
202,432,60,WRNMMC,0,785o
202,433,44,WRNMMC,0,6zmz
202,434,14,WRNMMC,0,525l
202,435,21,WRNMMC,0,cbku
202,436,4,WRNMMC,0,0cot
202,437,54,WRNMMC,0,ojoz
202,438,34,WRNMMC,0,tun2
202,439,26,WRNMMC,0,ob7u
202,440,42,WRNMMC,0,27vk
202,441,7,WRNMMC,0,ovvy
202,442,62,WRNMMC,0,bqrp
202,443,2,WRNMMC,0,yocg
202,444,39,WRNMMC,0,yk8a
202,445,50,WRNMMC,0,fg86
202,446,10,WRNMMC,0,wfv3
202,447,38,WRNMMC,0,goed
202,448,24,WRNMMC,0,nkql
202,449,29,WRNMMC,0,lptr
202,450,41,WRNMMC,0,2w56
202,451,6,WRNMMC,0,fjh2
202,452,45,WRNMMC,0,lsg3
202,453,12,WRNMMC,0,lgds
202,454,33,WRNMMC,0,jp1a
202,455,11,WRNMMC,0,zs4z
202,456,1,WRNMMC,0,0izt
202,457,47,WRNMMC,0,7-Jun
202,458,58,WRNMMC,0,jmhn
202,459,37,WRNMMC,0,zpzj
202,460,52,WRNMMC,0,q5lj
202,461,36,WRNMMC,0,rzj1
202,462,25,WRNMMC,0,hw3p
203,401,44,Lejeune MEU,2,xvxe
203,402,53,Lejeune MEU,2,kobl
203,403,5,Lejeune MEU,2,x0qi
203,404,28,Lejeune MEU,2,pd7n
203,405,14,Lejeune MEU,2,87cl
203,406,8,Lejeune MEU,2,m8w6
203,407,4,Lejeune MEU,2,wnaf
203,408,21,Lejeune MEU,2,as5q
203,409,51,Lejeune MEU,2,pb8x
203,410,13,Lejeune MEU,2,5t8r
203,411,18,Lejeune MEU,2,2tb7
203,412,39,Lejeune MEU,2,9aa1
203,413,57,Lejeune MEU,2,5sjg
203,414,46,Lejeune MEU,2,k1lv
203,415,45,Lejeune MEU,2,cn7q
203,416,3,Lejeune MEU,2,1qhj
203,417,55,Lejeune MEU,2,s9l6
203,418,50,Lejeune MEU,2,bakn
203,419,54,Lejeune MEU,2,pt9y
203,420,19,Lejeune MEU,2,paed
203,421,56,Lejeune MEU,2,zaif
203,422,7,Lejeune MEU,2,h8pg
203,423,35,Lejeune MEU,2,vqdq
203,424,33,Lejeune MEU,2,d6hs
203,425,34,Lejeune MEU,2,tb5t
203,426,15,Lejeune MEU,2,d2nz
203,427,62,Lejeune MEU,2,9je3
203,428,22,Lejeune MEU,2,vzno
203,429,2,Lejeune MEU,2,85i6
203,430,27,Lejeune MEU,2,zkff
203,431,10,Lejeune MEU,2,6ust
203,432,24,Lejeune MEU,2,785o
203,433,52,Lejeune MEU,2,6zmz
203,434,25,Lejeune MEU,2,525l
203,435,16,Lejeune MEU,2,cbku
203,436,41,Lejeune MEU,2,0cot
203,437,31,Lejeune MEU,2,ojoz
203,438,1,Lejeune MEU,2,tun2
203,439,59,Lejeune MEU,2,ob7u
203,440,23,Lejeune MEU,2,27vk
203,441,37,Lejeune MEU,2,ovvy
203,442,20,Lejeune MEU,2,bqrp
203,443,11,Lejeune MEU,2,yocg
203,444,38,Lejeune MEU,2,yk8a
203,445,61,Lejeune MEU,2,fg86
203,446,26,Lejeune MEU,2,wfv3
203,447,12,Lejeune MEU,2,goed
203,448,49,Lejeune MEU,2,nkql
203,449,30,Lejeune MEU,2,lptr
203,450,43,Lejeune MEU,2,2w56
203,451,29,Lejeune MEU,2,fjh2
203,452,58,Lejeune MEU,2,lsg3
203,453,48,Lejeune MEU,2,lgds
203,454,6,Lejeune MEU,2,jp1a
203,455,17,Lejeune MEU,2,zs4z
203,456,36,Lejeune MEU,2,0izt
203,457,9,Lejeune MEU,2,7-Jun
203,458,60,Lejeune MEU,2,jmhn
203,459,47,Lejeune MEU,2,zpzj
203,460,40,Lejeune MEU,2,q5lj
203,461,42,Lejeune MEU,2,rzj1
203,462,32,Lejeune MEU,2,hw3p
204,401,32,Lejeune MLG,2,xvxe
204,402,52,Lejeune MLG,2,kobl
204,403,26,Lejeune MLG,2,x0qi
204,404,41,Lejeune MLG,2,pd7n
204,405,8,Lejeune MLG,2,87cl
204,406,15,Lejeune MLG,2,m8w6
204,407,7,Lejeune MLG,2,wnaf
204,408,45,Lejeune MLG,2,as5q
204,409,24,Lejeune MLG,2,pb8x
204,410,16,Lejeune MLG,2,5t8r
204,411,61,Lejeune MLG,2,2tb7
204,412,12,Lejeune MLG,2,9aa1
204,413,62,Lejeune MLG,2,5sjg
204,414,14,Lejeune MLG,2,k1lv
204,415,44,Lejeune MLG,2,cn7q
204,416,55,Lejeune MLG,2,1qhj
204,417,20,Lejeune MLG,2,s9l6
204,418,36,Lejeune MLG,2,bakn
204,419,21,Lejeune MLG,2,pt9y
204,420,17,Lejeune MLG,2,paed
204,421,46,Lejeune MLG,2,zaif
204,422,29,Lejeune MLG,2,h8pg
204,423,13,Lejeune MLG,2,vqdq
204,424,18,Lejeune MLG,2,d6hs
204,425,57,Lejeune MLG,2,tb5t
204,426,58,Lejeune MLG,2,d2nz
204,427,2,Lejeune MLG,2,9je3
204,428,38,Lejeune MLG,2,vzno
204,429,56,Lejeune MLG,2,85i6
204,430,34,Lejeune MLG,2,zkff
204,431,5,Lejeune MLG,2,6ust
204,432,30,Lejeune MLG,2,785o
204,433,43,Lejeune MLG,2,6zmz
204,434,35,Lejeune MLG,2,525l
204,435,33,Lejeune MLG,2,cbku
204,436,27,Lejeune MLG,2,0cot
204,437,28,Lejeune MLG,2,ojoz
204,438,10,Lejeune MLG,2,tun2
204,439,31,Lejeune MLG,2,ob7u
204,440,59,Lejeune MLG,2,27vk
204,441,53,Lejeune MLG,2,ovvy
204,442,4,Lejeune MLG,2,bqrp
204,443,42,Lejeune MLG,2,yocg
204,444,3,Lejeune MLG,2,yk8a
204,445,22,Lejeune MLG,2,fg86
204,446,1,Lejeune MLG,2,wfv3
204,447,37,Lejeune MLG,2,goed
204,448,49,Lejeune MLG,2,nkql
204,449,51,Lejeune MLG,2,lptr
204,450,54,Lejeune MLG,2,2w56
204,451,47,Lejeune MLG,2,fjh2
204,452,60,Lejeune MLG,2,lsg3
204,453,9,Lejeune MLG,2,lgds
204,454,25,Lejeune MLG,2,jp1a
204,455,40,Lejeune MLG,2,zs4z
204,456,48,Lejeune MLG,2,0izt
204,457,6,Lejeune MLG,2,7-Jun
204,458,19,Lejeune MLG,2,jmhn
204,459,11,Lejeune MLG,2,zpzj
204,460,50,Lejeune MLG,2,q5lj
204,461,23,Lejeune MLG,2,rzj1
204,462,39,Lejeune MLG,2,hw3p
205,401,10,NHCL,3,xvxe
205,402,23,NHCL,3,kobl
205,403,5,NHCL,3,x0qi
205,404,4,NHCL,3,pd7n
205,405,40,NHCL,3,87cl
205,406,52,NHCL,3,m8w6
205,407,8,NHCL,3,wnaf
205,408,44,NHCL,3,as5q
205,409,12,NHCL,3,pb8x
205,410,58,NHCL,3,5t8r
205,411,15,NHCL,3,2tb7
205,412,46,NHCL,3,9aa1
205,413,19,NHCL,3,5sjg
205,414,62,NHCL,3,k1lv
205,415,53,NHCL,3,cn7q
205,416,33,NHCL,3,1qhj
205,417,49,NHCL,3,s9l6
205,418,60,NHCL,3,bakn
205,419,47,NHCL,3,pt9y
205,420,56,NHCL,3,paed
205,421,32,NHCL,3,zaif
205,422,57,NHCL,3,h8pg
205,423,2,NHCL,3,vqdq
205,424,21,NHCL,3,d6hs
205,425,18,NHCL,3,tb5t
205,426,38,NHCL,3,d2nz
205,427,13,NHCL,3,9je3
205,428,59,NHCL,3,vzno
205,429,54,NHCL,3,85i6
205,430,17,NHCL,3,zkff
205,431,41,NHCL,3,6ust
205,432,42,NHCL,3,785o
205,433,34,NHCL,3,6zmz
205,434,11,NHCL,3,525l
205,435,6,NHCL,3,cbku
205,436,39,NHCL,3,0cot
205,437,55,NHCL,3,ojoz
205,438,22,NHCL,3,tun2
205,439,3,NHCL,3,ob7u
205,440,30,NHCL,3,27vk
205,441,31,NHCL,3,ovvy
205,442,37,NHCL,3,bqrp
205,443,48,NHCL,3,yocg
205,444,36,NHCL,3,yk8a
205,445,27,NHCL,3,fg86
205,446,45,NHCL,3,wfv3
205,447,20,NHCL,3,goed
205,448,7,NHCL,3,nkql
205,449,29,NHCL,3,lptr
205,450,9,NHCL,3,2w56
205,451,50,NHCL,3,fjh2
205,452,51,NHCL,3,lsg3
205,453,1,NHCL,3,lgds
205,454,43,NHCL,3,jp1a
205,455,14,NHCL,3,zs4z
205,456,61,NHCL,3,0izt
205,457,26,NHCL,3,7-Jun
205,458,28,NHCL,3,jmhn
205,459,25,NHCL,3,zpzj
205,460,24,NHCL,3,q5lj
205,461,35,NHCL,3,rzj1
205,462,16,NHCL,3,hw3p
206,401,57,NH Oki,0,xvxe
206,402,7,NH Oki,0,kobl
206,403,60,NH Oki,0,x0qi
206,404,8,NH Oki,0,pd7n
206,405,47,NH Oki,0,87cl
206,406,30,NH Oki,0,m8w6
206,407,54,NH Oki,0,wnaf
206,408,38,NH Oki,0,as5q
206,409,14,NH Oki,0,pb8x
206,410,62,NH Oki,0,5t8r
206,411,16,NH Oki,0,2tb7
206,412,43,NH Oki,0,9aa1
206,413,21,NH Oki,0,5sjg
206,414,28,NH Oki,0,k1lv
206,415,55,NH Oki,0,cn7q
206,416,39,NH Oki,0,1qhj
206,417,24,NH Oki,0,s9l6
206,418,42,NH Oki,0,bakn
206,419,46,NH Oki,0,pt9y
206,420,50,NH Oki,0,paed
206,421,25,NH Oki,0,zaif
206,422,59,NH Oki,0,h8pg
206,423,20,NH Oki,0,vqdq
206,424,18,NH Oki,0,d6hs
206,425,15,NH Oki,0,tb5t
206,426,2,NH Oki,0,d2nz
206,427,23,NH Oki,0,9je3
206,428,29,NH Oki,0,vzno
206,429,13,NH Oki,0,85i6
206,430,58,NH Oki,0,zkff
206,431,27,NH Oki,0,6ust
206,432,22,NH Oki,0,785o
206,433,31,NH Oki,0,6zmz
206,434,19,NH Oki,0,525l
206,435,37,NH Oki,0,cbku
206,436,4,NH Oki,0,0cot
206,437,32,NH Oki,0,ojoz
206,438,26,NH Oki,0,tun2
206,439,45,NH Oki,0,ob7u
206,440,10,NH Oki,0,27vk
206,441,41,NH Oki,0,ovvy
206,442,56,NH Oki,0,bqrp
206,443,1,NH Oki,0,yocg
206,444,6,NH Oki,0,yk8a
206,445,35,NH Oki,0,fg86
206,446,44,NH Oki,0,wfv3
206,447,3,NH Oki,0,goed
206,448,33,NH Oki,0,nkql
206,449,5,NH Oki,0,lptr
206,450,34,NH Oki,0,2w56
206,451,40,NH Oki,0,fjh2
206,452,61,NH Oki,0,lsg3
206,453,36,NH Oki,0,lgds
206,454,49,NH Oki,0,jp1a
206,455,53,NH Oki,0,zs4z
206,456,48,NH Oki,0,0izt
206,457,9,NH Oki,0,7-Jun
206,458,11,NH Oki,0,jmhn
206,459,12,NH Oki,0,zpzj
206,460,17,NH Oki,0,q5lj
206,461,51,NH Oki,0,rzj1
206,462,52,NH Oki,0,hw3p
207,401,41,Oki MLG,2,xvxe
207,402,50,Oki MLG,2,kobl
207,403,19,Oki MLG,2,x0qi
207,404,18,Oki MLG,2,pd7n
207,405,40,Oki MLG,2,87cl
207,406,42,Oki MLG,2,m8w6
207,407,54,Oki MLG,2,wnaf
207,408,2,Oki MLG,2,as5q
207,409,38,Oki MLG,2,pb8x
207,410,25,Oki MLG,2,5t8r
207,411,13,Oki MLG,2,2tb7
207,412,26,Oki MLG,2,9aa1
207,413,15,Oki MLG,2,5sjg
207,414,39,Oki MLG,2,k1lv
207,415,44,Oki MLG,2,cn7q
207,416,36,Oki MLG,2,1qhj
207,417,24,Oki MLG,2,s9l6
207,418,17,Oki MLG,2,bakn
207,419,7,Oki MLG,2,pt9y
207,420,59,Oki MLG,2,paed
207,421,11,Oki MLG,2,zaif
207,422,5,Oki MLG,2,h8pg
207,423,27,Oki MLG,2,vqdq
207,424,33,Oki MLG,2,d6hs
207,425,22,Oki MLG,2,tb5t
207,426,12,Oki MLG,2,d2nz
207,427,23,Oki MLG,2,9je3
207,428,8,Oki MLG,2,vzno
207,429,61,Oki MLG,2,85i6
207,430,60,Oki MLG,2,zkff
207,431,3,Oki MLG,2,6ust
207,432,20,Oki MLG,2,785o
207,433,43,Oki MLG,2,6zmz
207,434,52,Oki MLG,2,525l
207,435,45,Oki MLG,2,cbku
207,436,9,Oki MLG,2,0cot
207,437,32,Oki MLG,2,ojoz
207,438,46,Oki MLG,2,tun2
207,439,30,Oki MLG,2,ob7u
207,440,48,Oki MLG,2,27vk
207,441,37,Oki MLG,2,ovvy
207,442,29,Oki MLG,2,bqrp
207,443,62,Oki MLG,2,yocg
207,444,34,Oki MLG,2,yk8a
207,445,1,Oki MLG,2,fg86
207,446,55,Oki MLG,2,wfv3
207,447,31,Oki MLG,2,goed
207,448,6,Oki MLG,2,nkql
207,449,35,Oki MLG,2,lptr
207,450,51,Oki MLG,2,2w56
207,451,10,Oki MLG,2,fjh2
207,452,58,Oki MLG,2,lsg3
207,453,4,Oki MLG,2,lgds
207,454,57,Oki MLG,2,jp1a
207,455,16,Oki MLG,2,zs4z
207,456,56,Oki MLG,2,0izt
207,457,53,Oki MLG,2,7-Jun
207,458,28,Oki MLG,2,jmhn
207,459,21,Oki MLG,2,zpzj
207,460,14,Oki MLG,2,q5lj
207,461,47,Oki MLG,2,rzj1
207,462,49,Oki MLG,2,hw3p
208,401,32,Oki MEU,1,xvxe
208,402,36,Oki MEU,1,kobl
208,403,59,Oki MEU,1,x0qi
208,404,27,Oki MEU,1,pd7n
208,405,6,Oki MEU,1,87cl
208,406,56,Oki MEU,1,m8w6
208,407,44,Oki MEU,1,wnaf
208,408,25,Oki MEU,1,as5q
208,409,17,Oki MEU,1,pb8x
208,410,62,Oki MEU,1,5t8r
208,411,49,Oki MEU,1,2tb7
208,412,35,Oki MEU,1,9aa1
208,413,55,Oki MEU,1,5sjg
208,414,43,Oki MEU,1,k1lv
208,415,30,Oki MEU,1,cn7q
208,416,31,Oki MEU,1,1qhj
208,417,46,Oki MEU,1,s9l6
208,418,19,Oki MEU,1,bakn
208,419,12,Oki MEU,1,pt9y
208,420,18,Oki MEU,1,paed
208,421,7,Oki MEU,1,zaif
208,422,54,Oki MEU,1,h8pg
208,423,4,Oki MEU,1,vqdq
208,424,37,Oki MEU,1,d6hs
208,425,14,Oki MEU,1,tb5t
208,426,29,Oki MEU,1,d2nz
208,427,22,Oki MEU,1,9je3
208,428,15,Oki MEU,1,vzno
208,429,58,Oki MEU,1,85i6
208,430,48,Oki MEU,1,zkff
208,431,34,Oki MEU,1,6ust
208,432,61,Oki MEU,1,785o
208,433,10,Oki MEU,1,6zmz
208,434,38,Oki MEU,1,525l
208,435,40,Oki MEU,1,cbku
208,436,47,Oki MEU,1,0cot
208,437,28,Oki MEU,1,ojoz
208,438,20,Oki MEU,1,tun2
208,439,57,Oki MEU,1,ob7u
208,440,52,Oki MEU,1,27vk
208,441,50,Oki MEU,1,ovvy
208,442,5,Oki MEU,1,bqrp
208,443,33,Oki MEU,1,yocg
208,444,21,Oki MEU,1,yk8a
208,445,8,Oki MEU,1,fg86
208,446,2,Oki MEU,1,wfv3
208,447,42,Oki MEU,1,goed
208,448,13,Oki MEU,1,nkql
208,449,9,Oki MEU,1,lptr
208,450,24,Oki MEU,1,2w56
208,451,11,Oki MEU,1,fjh2
208,452,26,Oki MEU,1,lsg3
208,453,45,Oki MEU,1,lgds
208,454,23,Oki MEU,1,jp1a
208,455,60,Oki MEU,1,zs4z
208,456,51,Oki MEU,1,0izt
208,457,3,Oki MEU,1,7-Jun
208,458,1,Oki MEU,1,jmhn
208,459,39,Oki MEU,1,zpzj
208,460,41,Oki MEU,1,q5lj
208,461,16,Oki MEU,1,rzj1
208,462,53,Oki MEU,1,hw3p
209,401,32,NHCP,3,xvxe
209,402,53,NHCP,3,kobl
209,403,48,NHCP,3,x0qi
209,404,16,NHCP,3,pd7n
209,405,36,NHCP,3,87cl
209,406,7,NHCP,3,m8w6
209,407,57,NHCP,3,wnaf
209,408,2,NHCP,3,as5q
209,409,43,NHCP,3,pb8x
209,410,37,NHCP,3,5t8r
209,411,33,NHCP,3,2tb7
209,412,34,NHCP,3,9aa1
209,413,19,NHCP,3,5sjg
209,414,3,NHCP,3,k1lv
209,415,61,NHCP,3,cn7q
209,416,11,NHCP,3,1qhj
209,417,29,NHCP,3,s9l6
209,418,62,NHCP,3,bakn
209,419,38,NHCP,3,pt9y
209,420,52,NHCP,3,paed
209,421,35,NHCP,3,zaif
209,422,25,NHCP,3,h8pg
209,423,60,NHCP,3,vqdq
209,424,20,NHCP,3,d6hs
209,425,42,NHCP,3,tb5t
209,426,41,NHCP,3,d2nz
209,427,56,NHCP,3,9je3
209,428,24,NHCP,3,vzno
209,429,9,NHCP,3,85i6
209,430,5,NHCP,3,zkff
209,431,51,NHCP,3,6ust
209,432,8,NHCP,3,785o
209,433,47,NHCP,3,6zmz
209,434,21,NHCP,3,525l
209,435,28,NHCP,3,cbku
209,436,54,NHCP,3,0cot
209,437,59,NHCP,3,ojoz
209,438,46,NHCP,3,tun2
209,439,26,NHCP,3,ob7u
209,440,4,NHCP,3,27vk
209,441,45,NHCP,3,ovvy
209,442,22,NHCP,3,bqrp
209,443,18,NHCP,3,yocg
209,444,15,NHCP,3,yk8a
209,445,44,NHCP,3,fg86
209,446,50,NHCP,3,wfv3
209,447,49,NHCP,3,goed
209,448,6,NHCP,3,nkql
209,449,30,NHCP,3,lptr
209,450,31,NHCP,3,2w56
209,451,13,NHCP,3,fjh2
209,452,17,NHCP,3,lsg3
209,453,23,NHCP,3,lgds
209,454,40,NHCP,3,jp1a
209,455,55,NHCP,3,zs4z
209,456,58,NHCP,3,0izt
209,457,1,NHCP,3,7-Jun
209,458,12,NHCP,3,jmhn
209,459,27,NHCP,3,zpzj
209,460,10,NHCP,3,q5lj
209,461,39,NHCP,3,rzj1
209,462,14,NHCP,3,hw3p
210,401,60,Ft Belv,1,xvxe
210,402,52,Ft Belv,1,kobl
210,403,35,Ft Belv,1,x0qi
210,404,28,Ft Belv,1,pd7n
210,405,19,Ft Belv,1,87cl
210,406,27,Ft Belv,1,m8w6
210,407,8,Ft Belv,1,wnaf
210,408,62,Ft Belv,1,as5q
210,409,3,Ft Belv,1,pb8x
210,410,25,Ft Belv,1,5t8r
210,411,31,Ft Belv,1,2tb7
210,412,51,Ft Belv,1,9aa1
210,413,17,Ft Belv,1,5sjg
210,414,24,Ft Belv,1,k1lv
210,415,34,Ft Belv,1,cn7q
210,416,15,Ft Belv,1,1qhj
210,417,44,Ft Belv,1,s9l6
210,418,47,Ft Belv,1,bakn
210,419,40,Ft Belv,1,pt9y
210,420,50,Ft Belv,1,paed
210,421,12,Ft Belv,1,zaif
210,422,20,Ft Belv,1,h8pg
210,423,9,Ft Belv,1,vqdq
210,424,39,Ft Belv,1,d6hs
210,425,23,Ft Belv,1,tb5t
210,426,57,Ft Belv,1,d2nz
210,427,5,Ft Belv,1,9je3
210,428,26,Ft Belv,1,vzno
210,429,41,Ft Belv,1,85i6
210,430,38,Ft Belv,1,zkff
210,431,58,Ft Belv,1,6ust
210,432,42,Ft Belv,1,785o
210,433,1,Ft Belv,1,6zmz
210,434,55,Ft Belv,1,525l
210,435,4,Ft Belv,1,cbku
210,436,32,Ft Belv,1,0cot
210,437,36,Ft Belv,1,ojoz
210,438,53,Ft Belv,1,tun2
210,439,54,Ft Belv,1,ob7u
210,440,37,Ft Belv,1,27vk
210,441,56,Ft Belv,1,ovvy
210,442,14,Ft Belv,1,bqrp
210,443,30,Ft Belv,1,yocg
210,444,61,Ft Belv,1,yk8a
210,445,10,Ft Belv,1,fg86
210,446,6,Ft Belv,1,wfv3
210,447,33,Ft Belv,1,goed
210,448,16,Ft Belv,1,nkql
210,449,21,Ft Belv,1,lptr
210,450,18,Ft Belv,1,2w56
210,451,2,Ft Belv,1,fjh2
210,452,29,Ft Belv,1,lsg3
210,453,59,Ft Belv,1,lgds
210,454,49,Ft Belv,1,jp1a
210,455,13,Ft Belv,1,zs4z
210,456,48,Ft Belv,1,0izt
210,457,43,Ft Belv,1,7-Jun
210,458,11,Ft Belv,1,jmhn
210,459,22,Ft Belv,1,zpzj
210,460,46,Ft Belv,1,q5lj
210,461,45,Ft Belv,1,rzj1
210,462,7,Ft Belv,1,hw3p
211,401,35,Guant,1,xvxe
211,402,19,Guant,1,kobl
211,403,29,Guant,1,x0qi
211,404,31,Guant,1,pd7n
211,405,54,Guant,1,87cl
211,406,18,Guant,1,m8w6
211,407,21,Guant,1,wnaf
211,408,25,Guant,1,as5q
211,409,50,Guant,1,pb8x
211,410,32,Guant,1,5t8r
211,411,4,Guant,1,2tb7
211,412,38,Guant,1,9aa1
211,413,52,Guant,1,5sjg
211,414,17,Guant,1,k1lv
211,415,60,Guant,1,cn7q
211,416,15,Guant,1,1qhj
211,417,44,Guant,1,s9l6
211,418,48,Guant,1,bakn
211,419,57,Guant,1,pt9y
211,420,58,Guant,1,paed
211,421,7,Guant,1,zaif
211,422,30,Guant,1,h8pg
211,423,22,Guant,1,vqdq
211,424,14,Guant,1,d6hs
211,425,20,Guant,1,tb5t
211,426,45,Guant,1,d2nz
211,427,11,Guant,1,9je3
211,428,62,Guant,1,vzno
211,429,34,Guant,1,85i6
211,430,24,Guant,1,zkff
211,431,59,Guant,1,6ust
211,432,23,Guant,1,785o
211,433,13,Guant,1,6zmz
211,434,37,Guant,1,525l
211,435,1,Guant,1,cbku
211,436,61,Guant,1,0cot
211,437,42,Guant,1,ojoz
211,438,26,Guant,1,tun2
211,439,28,Guant,1,ob7u
211,440,40,Guant,1,27vk
211,441,2,Guant,1,ovvy
211,442,51,Guant,1,bqrp
211,443,5,Guant,1,yocg
211,444,9,Guant,1,yk8a
211,445,33,Guant,1,fg86
211,446,8,Guant,1,wfv3
211,447,56,Guant,1,goed
211,448,55,Guant,1,nkql
211,449,27,Guant,1,lptr
211,450,41,Guant,1,2w56
211,451,53,Guant,1,fjh2
211,452,10,Guant,1,lsg3
211,453,3,Guant,1,lgds
211,454,12,Guant,1,jp1a
211,455,43,Guant,1,zs4z
211,456,16,Guant,1,0izt
211,457,49,Guant,1,7-Jun
211,458,39,Guant,1,jmhn
211,459,36,Guant,1,zpzj
211,460,47,Guant,1,q5lj
211,461,46,Guant,1,rzj1
211,462,6,Guant,1,hw3p
212,401,43,CBIRF,1,xvxe
212,402,5,CBIRF,1,kobl
212,403,34,CBIRF,1,x0qi
212,404,47,CBIRF,1,pd7n
212,405,26,CBIRF,1,87cl
212,406,57,CBIRF,1,m8w6
212,407,28,CBIRF,1,wnaf
212,408,59,CBIRF,1,as5q
212,409,31,CBIRF,1,pb8x
212,410,27,CBIRF,1,5t8r
212,411,24,CBIRF,1,2tb7
212,412,19,CBIRF,1,9aa1
212,413,60,CBIRF,1,5sjg
212,414,9,CBIRF,1,k1lv
212,415,33,CBIRF,1,cn7q
212,416,11,CBIRF,1,1qhj
212,417,10,CBIRF,1,s9l6
212,418,56,CBIRF,1,bakn
212,419,62,CBIRF,1,pt9y
212,420,41,CBIRF,1,paed
212,421,21,CBIRF,1,zaif
212,422,32,CBIRF,1,h8pg
212,423,14,CBIRF,1,vqdq
212,424,61,CBIRF,1,d6hs
212,425,17,CBIRF,1,tb5t
212,426,51,CBIRF,1,d2nz
212,427,23,CBIRF,1,9je3
212,428,46,CBIRF,1,vzno
212,429,55,CBIRF,1,85i6
212,430,54,CBIRF,1,zkff
212,431,37,CBIRF,1,6ust
212,432,48,CBIRF,1,785o
212,433,39,CBIRF,1,6zmz
212,434,12,CBIRF,1,525l
212,435,36,CBIRF,1,cbku
212,436,1,CBIRF,1,0cot
212,437,6,CBIRF,1,ojoz
212,438,4,CBIRF,1,tun2
212,439,18,CBIRF,1,ob7u
212,440,49,CBIRF,1,27vk
212,441,35,CBIRF,1,ovvy
212,442,58,CBIRF,1,bqrp
212,443,20,CBIRF,1,yocg
212,444,40,CBIRF,1,yk8a
212,445,8,CBIRF,1,fg86
212,446,53,CBIRF,1,wfv3
212,447,30,CBIRF,1,goed
212,448,42,CBIRF,1,nkql
212,449,44,CBIRF,1,lptr
212,450,50,CBIRF,1,2w56
212,451,45,CBIRF,1,fjh2
212,452,15,CBIRF,1,lsg3
212,453,25,CBIRF,1,lgds
212,454,13,CBIRF,1,jp1a
212,455,29,CBIRF,1,zs4z
212,456,7,CBIRF,1,0izt
212,457,2,CBIRF,1,7-Jun
212,458,3,CBIRF,1,jmhn
212,459,38,CBIRF,1,zpzj
212,460,52,CBIRF,1,q5lj
212,461,22,CBIRF,1,rzj1
212,462,16,CBIRF,1,hw3p
213,401,45,NH Jax,2,xvxe
213,402,44,NH Jax,2,kobl
213,403,16,NH Jax,2,x0qi
213,404,48,NH Jax,2,pd7n
213,405,23,NH Jax,2,87cl
213,406,33,NH Jax,2,m8w6
213,407,5,NH Jax,2,wnaf
213,408,62,NH Jax,2,as5q
213,409,11,NH Jax,2,pb8x
213,410,59,NH Jax,2,5t8r
213,411,39,NH Jax,2,2tb7
213,412,15,NH Jax,2,9aa1
213,413,50,NH Jax,2,5sjg
213,414,31,NH Jax,2,k1lv
213,415,26,NH Jax,2,cn7q
213,416,53,NH Jax,2,1qhj
213,417,51,NH Jax,2,s9l6
213,418,2,NH Jax,2,bakn
213,419,56,NH Jax,2,pt9y
213,420,8,NH Jax,2,paed
213,421,40,NH Jax,2,zaif
213,422,21,NH Jax,2,h8pg
213,423,42,NH Jax,2,vqdq
213,424,57,NH Jax,2,d6hs
213,425,6,NH Jax,2,tb5t
213,426,29,NH Jax,2,d2nz
213,427,46,NH Jax,2,9je3
213,428,60,NH Jax,2,vzno
213,429,24,NH Jax,2,85i6
213,430,1,NH Jax,2,zkff
213,431,34,NH Jax,2,6ust
213,432,58,NH Jax,2,785o
213,433,36,NH Jax,2,6zmz
213,434,43,NH Jax,2,525l
213,435,30,NH Jax,2,cbku
213,436,10,NH Jax,2,0cot
213,437,14,NH Jax,2,ojoz
213,438,12,NH Jax,2,tun2
213,439,38,NH Jax,2,ob7u
213,440,35,NH Jax,2,27vk
213,441,13,NH Jax,2,ovvy
213,442,41,NH Jax,2,bqrp
213,443,9,NH Jax,2,yocg
213,444,17,NH Jax,2,yk8a
213,445,25,NH Jax,2,fg86
213,446,18,NH Jax,2,wfv3
213,447,20,NH Jax,2,goed
213,448,4,NH Jax,2,nkql
213,449,7,NH Jax,2,lptr
213,450,49,NH Jax,2,2w56
213,451,32,NH Jax,2,fjh2
213,452,3,NH Jax,2,lsg3
213,453,47,NH Jax,2,lgds
213,454,37,NH Jax,2,jp1a
213,455,28,NH Jax,2,zs4z
213,456,54,NH Jax,2,0izt
213,457,55,NH Jax,2,7-Jun
213,458,19,NH Jax,2,jmhn
213,459,27,NH Jax,2,zpzj
213,460,61,NH Jax,2,q5lj
213,461,22,NH Jax,2,rzj1
213,462,52,NH Jax,2,hw3p
214,401,59,NTTC,0,xvxe
214,402,61,NTTC,0,kobl
214,403,27,NTTC,0,x0qi
214,404,36,NTTC,0,pd7n
214,405,37,NTTC,0,87cl
214,406,45,NTTC,0,m8w6
214,407,18,NTTC,0,wnaf
214,408,11,NTTC,0,as5q
214,409,49,NTTC,0,pb8x
214,410,57,NTTC,0,5t8r
214,411,13,NTTC,0,2tb7
214,412,53,NTTC,0,9aa1
214,413,3,NTTC,0,5sjg
214,414,9,NTTC,0,k1lv
214,415,42,NTTC,0,cn7q
214,416,43,NTTC,0,1qhj
214,417,14,NTTC,0,s9l6
214,418,22,NTTC,0,bakn
214,419,10,NTTC,0,pt9y
214,420,40,NTTC,0,paed
214,421,34,NTTC,0,zaif
214,422,26,NTTC,0,h8pg
214,423,33,NTTC,0,vqdq
214,424,39,NTTC,0,d6hs
214,425,1,NTTC,0,tb5t
214,426,46,NTTC,0,d2nz
214,427,38,NTTC,0,9je3
214,428,35,NTTC,0,vzno
214,429,19,NTTC,0,85i6
214,430,17,NTTC,0,zkff
214,431,15,NTTC,0,6ust
214,432,50,NTTC,0,785o
214,433,12,NTTC,0,6zmz
214,434,29,NTTC,0,525l
214,435,21,NTTC,0,cbku
214,436,25,NTTC,0,0cot
214,437,60,NTTC,0,ojoz
214,438,5,NTTC,0,tun2
214,439,44,NTTC,0,ob7u
214,440,2,NTTC,0,27vk
214,441,31,NTTC,0,ovvy
214,442,56,NTTC,0,bqrp
214,443,47,NTTC,0,yocg
214,444,62,NTTC,0,yk8a
214,445,52,NTTC,0,fg86
214,446,24,NTTC,0,wfv3
214,447,55,NTTC,0,goed
214,448,6,NTTC,0,nkql
214,449,32,NTTC,0,lptr
214,450,16,NTTC,0,2w56
214,451,51,NTTC,0,fjh2
214,452,20,NTTC,0,lsg3
214,453,28,NTTC,0,lgds
214,454,4,NTTC,0,jp1a
214,455,7,NTTC,0,zs4z
214,456,30,NTTC,0,0izt
214,457,23,NTTC,0,7-Jun
214,458,54,NTTC,0,jmhn
214,459,48,NTTC,0,zpzj
214,460,41,NTTC,0,q5lj
214,461,8,NTTC,0,rzj1
214,462,58,NTTC,0,hw3p
215,401,1,NH Napl,3,xvxe
215,402,20,NH Napl,3,kobl
215,403,33,NH Napl,3,x0qi
215,404,38,NH Napl,3,pd7n
215,405,43,NH Napl,3,87cl
215,406,3,NH Napl,3,m8w6
215,407,9,NH Napl,3,wnaf
215,408,41,NH Napl,3,as5q
215,409,47,NH Napl,3,pb8x
215,410,4,NH Napl,3,5t8r
215,411,5,NH Napl,3,2tb7
215,412,34,NH Napl,3,9aa1
215,413,18,NH Napl,3,5sjg
215,414,7,NH Napl,3,k1lv
215,415,19,NH Napl,3,cn7q
215,416,26,NH Napl,3,1qhj
215,417,37,NH Napl,3,s9l6
215,418,30,NH Napl,3,bakn
215,419,22,NH Napl,3,pt9y
215,420,60,NH Napl,3,paed
215,421,17,NH Napl,3,zaif
215,422,49,NH Napl,3,h8pg
215,423,59,NH Napl,3,vqdq
215,424,56,NH Napl,3,d6hs
215,425,54,NH Napl,3,tb5t
215,426,42,NH Napl,3,d2nz
215,427,2,NH Napl,3,9je3
215,428,27,NH Napl,3,vzno
215,429,61,NH Napl,3,85i6
215,430,31,NH Napl,3,zkff
215,431,62,NH Napl,3,6ust
215,432,13,NH Napl,3,785o
215,433,6,NH Napl,3,6zmz
215,434,21,NH Napl,3,525l
215,435,53,NH Napl,3,cbku
215,436,44,NH Napl,3,0cot
215,437,32,NH Napl,3,ojoz
215,438,8,NH Napl,3,tun2
215,439,11,NH Napl,3,ob7u
215,440,10,NH Napl,3,27vk
215,441,25,NH Napl,3,ovvy
215,442,14,NH Napl,3,bqrp
215,443,46,NH Napl,3,yocg
215,444,52,NH Napl,3,yk8a
215,445,36,NH Napl,3,fg86
215,446,55,NH Napl,3,wfv3
215,447,51,NH Napl,3,goed
215,448,40,NH Napl,3,nkql
215,449,39,NH Napl,3,lptr
215,450,58,NH Napl,3,2w56
215,451,23,NH Napl,3,fjh2
215,452,16,NH Napl,3,lsg3
215,453,57,NH Napl,3,lgds
215,454,12,NH Napl,3,jp1a
215,455,50,NH Napl,3,zs4z
215,456,29,NH Napl,3,0izt
215,457,45,NH Napl,3,7-Jun
215,458,15,NH Napl,3,jmhn
215,459,24,NH Napl,3,zpzj
215,460,28,NH Napl,3,q5lj
215,461,48,NH Napl,3,rzj1
215,462,35,NH Napl,3,hw3p
216,401,53,NMCP,6,xvxe
216,402,41,NMCP,6,kobl
216,403,48,NMCP,6,x0qi
216,404,57,NMCP,6,pd7n
216,405,50,NMCP,6,87cl
216,406,27,NMCP,6,m8w6
216,407,2,NMCP,6,wnaf
216,408,45,NMCP,6,as5q
216,409,17,NMCP,6,pb8x
216,410,32,NMCP,6,5t8r
216,411,33,NMCP,6,2tb7
216,412,14,NMCP,6,9aa1
216,413,28,NMCP,6,5sjg
216,414,35,NMCP,6,k1lv
216,415,3,NMCP,6,cn7q
216,416,29,NMCP,6,1qhj
216,417,9,NMCP,6,s9l6
216,418,22,NMCP,6,bakn
216,419,36,NMCP,6,pt9y
216,420,25,NMCP,6,paed
216,421,43,NMCP,6,zaif
216,422,42,NMCP,6,h8pg
216,423,62,NMCP,6,vqdq
216,424,49,NMCP,6,d6hs
216,425,60,NMCP,6,tb5t
216,426,7,NMCP,6,d2nz
216,427,54,NMCP,6,9je3
216,428,12,NMCP,6,vzno
216,429,23,NMCP,6,85i6
216,430,44,NMCP,6,zkff
216,431,5,NMCP,6,6ust
216,432,16,NMCP,6,785o
216,433,55,NMCP,6,6zmz
216,434,38,NMCP,6,525l
216,435,58,NMCP,6,cbku
216,436,4,NMCP,6,0cot
216,437,52,NMCP,6,ojoz
216,438,56,NMCP,6,tun2
216,439,1,NMCP,6,ob7u
216,440,39,NMCP,6,27vk
216,441,47,NMCP,6,ovvy
216,442,19,NMCP,6,bqrp
216,443,61,NMCP,6,yocg
216,444,11,NMCP,6,yk8a
216,445,40,NMCP,6,fg86
216,446,10,NMCP,6,wfv3
216,447,51,NMCP,6,goed
216,448,6,NMCP,6,nkql
216,449,24,NMCP,6,lptr
216,450,18,NMCP,6,2w56
216,451,8,NMCP,6,fjh2
216,452,15,NMCP,6,lsg3
216,453,30,NMCP,6,lgds
216,454,46,NMCP,6,jp1a
216,455,59,NMCP,6,zs4z
216,456,20,NMCP,6,0izt
216,457,21,NMCP,6,7-Jun
216,458,31,NMCP,6,jmhn
216,459,37,NMCP,6,zpzj
216,460,26,NMCP,6,q5lj
216,461,34,NMCP,6,rzj1
216,462,13,NMCP,6,hw3p
217,401,1,NH Rota,2,xvxe
217,402,22,NH Rota,2,kobl
217,403,31,NH Rota,2,x0qi
217,404,28,NH Rota,2,pd7n
217,405,62,NH Rota,2,87cl
217,406,4,NH Rota,2,m8w6
217,407,27,NH Rota,2,wnaf
217,408,29,NH Rota,2,as5q
217,409,10,NH Rota,2,pb8x
217,410,6,NH Rota,2,5t8r
217,411,2,NH Rota,2,2tb7
217,412,17,NH Rota,2,9aa1
217,413,56,NH Rota,2,5sjg
217,414,49,NH Rota,2,k1lv
217,415,38,NH Rota,2,cn7q
217,416,50,NH Rota,2,1qhj
217,417,57,NH Rota,2,s9l6
217,418,5,NH Rota,2,bakn
217,419,21,NH Rota,2,pt9y
217,420,54,NH Rota,2,paed
217,421,51,NH Rota,2,zaif
217,422,13,NH Rota,2,h8pg
217,423,45,NH Rota,2,vqdq
217,424,3,NH Rota,2,d6hs
217,425,7,NH Rota,2,tb5t
217,426,23,NH Rota,2,d2nz
217,427,8,NH Rota,2,9je3
217,428,16,NH Rota,2,vzno
217,429,55,NH Rota,2,85i6
217,430,34,NH Rota,2,zkff
217,431,61,NH Rota,2,6ust
217,432,47,NH Rota,2,785o
217,433,39,NH Rota,2,6zmz
217,434,36,NH Rota,2,525l
217,435,59,NH Rota,2,cbku
217,436,35,NH Rota,2,0cot
217,437,25,NH Rota,2,ojoz
217,438,19,NH Rota,2,tun2
217,439,18,NH Rota,2,ob7u
217,440,20,NH Rota,2,27vk
217,441,48,NH Rota,2,ovvy
217,442,40,NH Rota,2,bqrp
217,443,33,NH Rota,2,yocg
217,444,46,NH Rota,2,yk8a
217,445,12,NH Rota,2,fg86
217,446,43,NH Rota,2,wfv3
217,447,11,NH Rota,2,goed
217,448,32,NH Rota,2,nkql
217,449,15,NH Rota,2,lptr
217,450,42,NH Rota,2,2w56
217,451,9,NH Rota,2,fjh2
217,452,26,NH Rota,2,lsg3
217,453,24,NH Rota,2,lgds
217,454,41,NH Rota,2,jp1a
217,455,60,NH Rota,2,zs4z
217,456,44,NH Rota,2,0izt
217,457,58,NH Rota,2,7-Jun
217,458,30,NH Rota,2,jmhn
217,459,37,NH Rota,2,zpzj
217,460,52,NH Rota,2,q5lj
217,461,53,NH Rota,2,rzj1
217,462,14,NH Rota,2,hw3p
218,401,23,NMCSD,2,xvxe
218,402,2,NMCSD,2,kobl
218,403,18,NMCSD,2,x0qi
218,404,48,NMCSD,2,pd7n
218,405,55,NMCSD,2,87cl
218,406,14,NMCSD,2,m8w6
218,407,10,NMCSD,2,wnaf
218,408,15,NMCSD,2,as5q
218,409,6,NMCSD,2,pb8x
218,410,56,NMCSD,2,5t8r
218,411,62,NMCSD,2,2tb7
218,412,60,NMCSD,2,9aa1
218,413,22,NMCSD,2,5sjg
218,414,35,NMCSD,2,k1lv
218,415,5,NMCSD,2,cn7q
218,416,24,NMCSD,2,1qhj
218,417,17,NMCSD,2,s9l6
218,418,26,NMCSD,2,bakn
218,419,28,NMCSD,2,pt9y
218,420,40,NMCSD,2,paed
218,421,3,NMCSD,2,zaif
218,422,12,NMCSD,2,h8pg
218,423,50,NMCSD,2,vqdq
218,424,4,NMCSD,2,d6hs
218,425,36,NMCSD,2,tb5t
218,426,38,NMCSD,2,d2nz
218,427,19,NMCSD,2,9je3
218,428,44,NMCSD,2,vzno
218,429,57,NMCSD,2,85i6
218,430,31,NMCSD,2,zkff
218,431,61,NMCSD,2,6ust
218,432,13,NMCSD,2,785o
218,433,52,NMCSD,2,6zmz
218,434,29,NMCSD,2,525l
218,435,37,NMCSD,2,cbku
218,436,39,NMCSD,2,0cot
218,437,34,NMCSD,2,ojoz
218,438,46,NMCSD,2,tun2
218,439,32,NMCSD,2,ob7u
218,440,41,NMCSD,2,27vk
218,441,8,NMCSD,2,ovvy
218,442,1,NMCSD,2,bqrp
218,443,42,NMCSD,2,yocg
218,444,20,NMCSD,2,yk8a
218,445,45,NMCSD,2,fg86
218,446,25,NMCSD,2,wfv3
218,447,27,NMCSD,2,goed
218,448,33,NMCSD,2,nkql
218,449,53,NMCSD,2,lptr
218,450,59,NMCSD,2,2w56
218,451,30,NMCSD,2,fjh2
218,452,21,NMCSD,2,lsg3
218,453,47,NMCSD,2,lgds
218,454,7,NMCSD,2,jp1a
218,455,49,NMCSD,2,zs4z
218,456,58,NMCSD,2,0izt
218,457,11,NMCSD,2,7-Jun
218,458,16,NMCSD,2,jmhn
218,459,9,NMCSD,2,zpzj
218,460,54,NMCSD,2,q5lj
218,461,43,NMCSD,2,rzj1
218,462,51,NMCSD,2,hw3p
219,401,62,NH Sig,1,xvxe
219,402,8,NH Sig,1,kobl
219,403,2,NH Sig,1,x0qi
219,404,31,NH Sig,1,pd7n
219,405,28,NH Sig,1,87cl
219,406,5,NH Sig,1,m8w6
219,407,45,NH Sig,1,wnaf
219,408,61,NH Sig,1,as5q
219,409,38,NH Sig,1,pb8x
219,410,44,NH Sig,1,5t8r
219,411,41,NH Sig,1,2tb7
219,412,23,NH Sig,1,9aa1
219,413,20,NH Sig,1,5sjg
219,414,3,NH Sig,1,k1lv
219,415,52,NH Sig,1,cn7q
219,416,21,NH Sig,1,1qhj
219,417,27,NH Sig,1,s9l6
219,418,46,NH Sig,1,bakn
219,419,18,NH Sig,1,pt9y
219,420,53,NH Sig,1,paed
219,421,50,NH Sig,1,zaif
219,422,32,NH Sig,1,h8pg
219,423,49,NH Sig,1,vqdq
219,424,24,NH Sig,1,d6hs
219,425,29,NH Sig,1,tb5t
219,426,16,NH Sig,1,d2nz
219,427,4,NH Sig,1,9je3
219,428,30,NH Sig,1,vzno
219,429,48,NH Sig,1,85i6
219,430,6,NH Sig,1,zkff
219,431,55,NH Sig,1,6ust
219,432,26,NH Sig,1,785o
219,433,40,NH Sig,1,6zmz
219,434,43,NH Sig,1,525l
219,435,15,NH Sig,1,cbku
219,436,57,NH Sig,1,0cot
219,437,7,NH Sig,1,ojoz
219,438,59,NH Sig,1,tun2
219,439,12,NH Sig,1,ob7u
219,440,1,NH Sig,1,27vk
219,441,51,NH Sig,1,ovvy
219,442,22,NH Sig,1,bqrp
219,443,36,NH Sig,1,yocg
219,444,19,NH Sig,1,yk8a
219,445,9,NH Sig,1,fg86
219,446,37,NH Sig,1,wfv3
219,447,60,NH Sig,1,goed
219,448,13,NH Sig,1,nkql
219,449,54,NH Sig,1,lptr
219,450,17,NH Sig,1,2w56
219,451,39,NH Sig,1,fjh2
219,452,58,NH Sig,1,lsg3
219,453,11,NH Sig,1,lgds
219,454,33,NH Sig,1,jp1a
219,455,10,NH Sig,1,zs4z
219,456,47,NH Sig,1,0izt
219,457,56,NH Sig,1,7-Jun
219,458,25,NH Sig,1,jmhn
219,459,34,NH Sig,1,zpzj
219,460,35,NH Sig,1,q5lj
219,461,14,NH Sig,1,rzj1
219,462,42,NH Sig,1,hw3p
220,401,10,NHTP,1,xvxe
220,402,52,NHTP,1,kobl
220,403,44,NHTP,1,x0qi
220,404,11,NHTP,1,pd7n
220,405,59,NHTP,1,87cl
220,406,30,NHTP,1,m8w6
220,407,61,NHTP,1,wnaf
220,408,29,NHTP,1,as5q
220,409,19,NHTP,1,pb8x
220,410,54,NHTP,1,5t8r
220,411,12,NHTP,1,2tb7
220,412,48,NHTP,1,9aa1
220,413,50,NHTP,1,5sjg
220,414,49,NHTP,1,k1lv
220,415,53,NHTP,1,cn7q
220,416,20,NHTP,1,1qhj
220,417,4,NHTP,1,s9l6
220,418,13,NHTP,1,bakn
220,419,57,NHTP,1,pt9y
220,420,43,NHTP,1,paed
220,421,32,NHTP,1,zaif
220,422,7,NHTP,1,h8pg
220,423,23,NHTP,1,vqdq
220,424,38,NHTP,1,d6hs
220,425,60,NHTP,1,tb5t
220,426,8,NHTP,1,d2nz
220,427,15,NHTP,1,9je3
220,428,27,NHTP,1,vzno
220,429,35,NHTP,1,85i6
220,430,24,NHTP,1,zkff
220,431,39,NHTP,1,6ust
220,432,45,NHTP,1,785o
220,433,51,NHTP,1,6zmz
220,434,21,NHTP,1,525l
220,435,34,NHTP,1,cbku
220,436,41,NHTP,1,0cot
220,437,36,NHTP,1,ojoz
220,438,25,NHTP,1,tun2
220,439,14,NHTP,1,ob7u
220,440,5,NHTP,1,27vk
220,441,17,NHTP,1,ovvy
220,442,55,NHTP,1,bqrp
220,443,3,NHTP,1,yocg
220,444,18,NHTP,1,yk8a
220,445,6,NHTP,1,fg86
220,446,16,NHTP,1,wfv3
220,447,2,NHTP,1,goed
220,448,33,NHTP,1,nkql
220,449,37,NHTP,1,lptr
220,450,58,NHTP,1,2w56
220,451,9,NHTP,1,fjh2
220,452,47,NHTP,1,lsg3
220,453,56,NHTP,1,lgds
220,454,31,NHTP,1,jp1a
220,455,28,NHTP,1,zs4z
220,456,42,NHTP,1,0izt
220,457,26,NHTP,1,7-Jun
220,458,40,NHTP,1,jmhn
220,459,22,NHTP,1,zpzj
220,460,1,NHTP,1,q5lj
220,461,62,NHTP,1,rzj1
220,462,46,NHTP,1,hw3p
221,401,21,WHMP,1,xvxe
221,402,1,WHMP,1,kobl
221,403,56,WHMP,1,x0qi
221,404,58,WHMP,1,pd7n
221,405,32,WHMP,1,87cl
221,406,60,WHMP,1,m8w6
221,407,14,WHMP,1,wnaf
221,408,25,WHMP,1,as5q
221,409,52,WHMP,1,pb8x
221,410,2,WHMP,1,5t8r
221,411,50,WHMP,1,2tb7
221,412,4,WHMP,1,9aa1
221,413,42,WHMP,1,5sjg
221,414,61,WHMP,1,k1lv
221,415,55,WHMP,1,cn7q
221,416,34,WHMP,1,1qhj
221,417,40,WHMP,1,s9l6
221,418,11,WHMP,1,bakn
221,419,12,WHMP,1,pt9y
221,420,17,WHMP,1,paed
221,421,37,WHMP,1,zaif
221,422,18,WHMP,1,h8pg
221,423,29,WHMP,1,vqdq
221,424,33,WHMP,1,d6hs
221,425,39,WHMP,1,tb5t
221,426,36,WHMP,1,d2nz
221,427,3,WHMP,1,9je3
221,428,28,WHMP,1,vzno
221,429,30,WHMP,1,85i6
221,430,7,WHMP,1,zkff
221,431,41,WHMP,1,6ust
221,432,26,WHMP,1,785o
221,433,43,WHMP,1,6zmz
221,434,35,WHMP,1,525l
221,435,19,WHMP,1,cbku
221,436,46,WHMP,1,0cot
221,437,31,WHMP,1,ojoz
221,438,5,WHMP,1,tun2
221,439,6,WHMP,1,ob7u
221,440,54,WHMP,1,27vk
221,441,62,WHMP,1,ovvy
221,442,45,WHMP,1,bqrp
221,443,13,WHMP,1,yocg
221,444,38,WHMP,1,yk8a
221,445,16,WHMP,1,fg86
221,446,44,WHMP,1,wfv3
221,447,8,WHMP,1,goed
221,448,57,WHMP,1,nkql
221,449,59,WHMP,1,lptr
221,450,9,WHMP,1,2w56
221,451,48,WHMP,1,fjh2
221,452,49,WHMP,1,lsg3
221,453,22,WHMP,1,lgds
221,454,53,WHMP,1,jp1a
221,455,15,WHMP,1,zs4z
221,456,27,WHMP,1,0izt
221,457,23,WHMP,1,7-Jun
221,458,47,WHMP,1,jmhn
221,459,24,WHMP,1,zpzj
221,460,20,WHMP,1,q5lj
221,461,10,WHMP,1,rzj1
221,462,51,WHMP,1,hw3p
222,401,10,NH Yoko,3,xvxe
222,402,62,NH Yoko,3,kobl
222,403,52,NH Yoko,3,x0qi
222,404,24,NH Yoko,3,pd7n
222,405,44,NH Yoko,3,87cl
222,406,29,NH Yoko,3,m8w6
222,407,3,NH Yoko,3,wnaf
222,408,33,NH Yoko,3,as5q
222,409,22,NH Yoko,3,pb8x
222,410,13,NH Yoko,3,5t8r
222,411,6,NH Yoko,3,2tb7
222,412,34,NH Yoko,3,9aa1
222,413,58,NH Yoko,3,5sjg
222,414,46,NH Yoko,3,k1lv
222,415,51,NH Yoko,3,cn7q
222,416,59,NH Yoko,3,1qhj
222,417,60,NH Yoko,3,s9l6
222,418,8,NH Yoko,3,bakn
222,419,39,NH Yoko,3,pt9y
222,420,37,NH Yoko,3,paed
222,421,19,NH Yoko,3,zaif
222,422,55,NH Yoko,3,h8pg
222,423,20,NH Yoko,3,vqdq
222,424,54,NH Yoko,3,d6hs
222,425,17,NH Yoko,3,tb5t
222,426,48,NH Yoko,3,d2nz
222,427,18,NH Yoko,3,9je3
222,428,45,NH Yoko,3,vzno
222,429,23,NH Yoko,3,85i6
222,430,42,NH Yoko,3,zkff
222,431,30,NH Yoko,3,6ust
222,432,27,NH Yoko,3,785o
222,433,2,NH Yoko,3,6zmz
222,434,36,NH Yoko,3,525l
222,435,7,NH Yoko,3,cbku
222,436,31,NH Yoko,3,0cot
222,437,49,NH Yoko,3,ojoz
222,438,5,NH Yoko,3,tun2
222,439,56,NH Yoko,3,ob7u
222,440,15,NH Yoko,3,27vk
222,441,50,NH Yoko,3,ovvy
222,442,47,NH Yoko,3,bqrp
222,443,1,NH Yoko,3,yocg
222,444,14,NH Yoko,3,yk8a
222,445,25,NH Yoko,3,fg86
222,446,43,NH Yoko,3,wfv3
222,447,40,NH Yoko,3,goed
222,448,53,NH Yoko,3,nkql
222,449,41,NH Yoko,3,lptr
222,450,21,NH Yoko,3,2w56
222,451,4,NH Yoko,3,fjh2
222,452,32,NH Yoko,3,lsg3
222,453,9,NH Yoko,3,lgds
222,454,11,NH Yoko,3,jp1a
222,455,35,NH Yoko,3,zs4z
222,456,38,NH Yoko,3,0izt
222,457,12,NH Yoko,3,7-Jun
222,458,16,NH Yoko,3,jmhn
222,459,57,NH Yoko,3,zpzj
222,460,26,NH Yoko,3,q5lj
222,461,28,NH Yoko,3,rzj1
222,462,61,NH Yoko,3,hw3p
