officer_id,command_id,preference,officer_tag,command_name,billet_count_max
401,201,14,xvxe,NH Guam,1
401,202,10,xvxe,WRNMMC,0
401,203,21,xvxe,Lejeune MEU,2
401,204,8,xvxe,Lejeune MLG,2
401,205,2,xvxe,NHCL,3
401,206,1,xvxe,NH Oki,0
401,207,7,xvxe,Oki MLG,2
401,208,15,xvxe,Oki MEU,1
401,209,11,xvxe,NHCP,3
401,210,12,xvxe,Ft Belv,1
401,211,22,xvxe,Guant,1
401,212,19,xvxe,CBIRF,1
401,213,4,xvxe,NH Jax,2
401,214,16,xvxe,NTTC,0
401,215,9,xvxe,NH Napl,3
401,216,13,xvxe,NMCP,6
401,217,17,xvxe,NH Rota,2
401,218,18,xvxe,NMCSD,2
401,219,6,xvxe,NH Sig,1
401,220,3,xvxe,NHTP,1
401,221,5,xvxe,WHMP,1
401,222,20,xvxe,NH Yoko,3
402,201,9,kobl,NH Guam,1
402,202,21,kobl,WRNMMC,0
402,203,4,kobl,Lejeune MEU,2
402,204,5,kobl,Lejeune MLG,2
402,205,6,kobl,NHCL,3
402,206,20,kobl,NH Oki,0
402,207,7,kobl,Oki MLG,2
402,208,10,kobl,Oki MEU,1
402,209,2,kobl,NHCP,3
402,210,1,kobl,Ft Belv,1
402,211,15,kobl,Guant,1
402,212,12,kobl,CBIRF,1
402,213,17,kobl,NH Jax,2
402,214,14,kobl,NTTC,0
402,215,22,kobl,NH Napl,3
402,216,3,kobl,NMCP,6
402,217,13,kobl,NH Rota,2
402,218,19,kobl,NMCSD,2
402,219,16,kobl,NH Sig,1
402,220,8,kobl,NHTP,1
402,221,18,kobl,WHMP,1
402,222,11,kobl,NH Yoko,3
403,201,15,x0qi,NH Guam,1
403,202,4,x0qi,WRNMMC,0
403,203,22,x0qi,Lejeune MEU,2
403,204,13,x0qi,Lejeune MLG,2
403,205,6,x0qi,NHCL,3
403,206,20,x0qi,NH Oki,0
403,207,9,x0qi,Oki MLG,2
403,208,12,x0qi,Oki MEU,1
403,209,11,x0qi,NHCP,3
403,210,18,x0qi,Ft Belv,1
403,211,5,x0qi,Guant,1
403,212,16,x0qi,CBIRF,1
403,213,8,x0qi,NH Jax,2
403,214,2,x0qi,NTTC,0
403,215,19,x0qi,NH Napl,3
403,216,21,x0qi,NMCP,6
403,217,10,x0qi,NH Rota,2
403,218,17,x0qi,NMCSD,2
403,219,7,x0qi,NH Sig,1
403,220,3,x0qi,NHTP,1
403,221,1,x0qi,WHMP,1
403,222,14,x0qi,NH Yoko,3
404,201,17,pd7n,NH Guam,1
404,202,14,pd7n,WRNMMC,0
404,203,8,pd7n,Lejeune MEU,2
404,204,11,pd7n,Lejeune MLG,2
404,205,10,pd7n,NHCL,3
404,206,2,pd7n,NH Oki,0
404,207,4,pd7n,Oki MLG,2
404,208,15,pd7n,Oki MEU,1
404,209,13,pd7n,NHCP,3
404,210,7,pd7n,Ft Belv,1
404,211,3,pd7n,Guant,1
404,212,5,pd7n,CBIRF,1
404,213,22,pd7n,NH Jax,2
404,214,18,pd7n,NTTC,0
404,215,20,pd7n,NH Napl,3
404,216,1,pd7n,NMCP,6
404,217,6,pd7n,NH Rota,2
404,218,21,pd7n,NMCSD,2
404,219,12,pd7n,NH Sig,1
404,220,16,pd7n,NHTP,1
404,221,19,pd7n,WHMP,1
404,222,9,pd7n,NH Yoko,3
405,201,3,87cl,NH Guam,1
405,202,1,87cl,WRNMMC,0
405,203,18,87cl,Lejeune MEU,2
405,204,4,87cl,Lejeune MLG,2
405,205,13,87cl,NHCL,3
405,206,16,87cl,NH Oki,0
405,207,2,87cl,Oki MLG,2
405,208,6,87cl,Oki MEU,1
405,209,19,87cl,NHCP,3
405,210,9,87cl,Ft Belv,1
405,211,17,87cl,Guant,1
405,212,8,87cl,CBIRF,1
405,213,14,87cl,NH Jax,2
405,214,5,87cl,NTTC,0
405,215,7,87cl,NH Napl,3
405,216,15,87cl,NMCP,6
405,217,22,87cl,NH Rota,2
405,218,21,87cl,NMCSD,2
405,219,10,87cl,NH Sig,1
405,220,20,87cl,NHTP,1
405,221,12,87cl,WHMP,1
405,222,11,87cl,NH Yoko,3
406,201,13,m8w6,NH Guam,1
406,202,2,m8w6,WRNMMC,0
406,203,12,m8w6,Lejeune MEU,2
406,204,16,m8w6,Lejeune MLG,2
406,205,22,m8w6,NHCL,3
406,206,7,m8w6,NH Oki,0
406,207,8,m8w6,Oki MLG,2
406,208,18,m8w6,Oki MEU,1
406,209,10,m8w6,NHCP,3
406,210,4,m8w6,Ft Belv,1
406,211,9,m8w6,Guant,1
406,212,14,m8w6,CBIRF,1
406,213,17,m8w6,NH Jax,2
406,214,15,m8w6,NTTC,0
406,215,19,m8w6,NH Napl,3
406,216,11,m8w6,NMCP,6
406,217,21,m8w6,NH Rota,2
406,218,6,m8w6,NMCSD,2
406,219,1,m8w6,NH Sig,1
406,220,5,m8w6,NHTP,1
406,221,3,m8w6,WHMP,1
406,222,20,m8w6,NH Yoko,3
407,201,3,wnaf,NH Guam,1
407,202,12,wnaf,WRNMMC,0
407,203,22,wnaf,Lejeune MEU,2
407,204,9,wnaf,Lejeune MLG,2
407,205,21,wnaf,NHCL,3
407,206,11,wnaf,NH Oki,0
407,207,15,wnaf,Oki MLG,2
407,208,4,wnaf,Oki MEU,1
407,209,7,wnaf,NHCP,3
407,210,8,wnaf,Ft Belv,1
407,211,13,wnaf,Guant,1
407,212,1,wnaf,CBIRF,1
407,213,16,wnaf,NH Jax,2
407,214,10,wnaf,NTTC,0
407,215,19,wnaf,NH Napl,3
407,216,18,wnaf,NMCP,6
407,217,5,wnaf,NH Rota,2
407,218,20,wnaf,NMCSD,2
407,219,14,wnaf,NH Sig,1
407,220,17,wnaf,NHTP,1
407,221,2,wnaf,WHMP,1
407,222,6,wnaf,NH Yoko,3
408,201,16,as5q,NH Guam,1
408,202,19,as5q,WRNMMC,0
408,203,22,as5q,Lejeune MEU,2
408,204,20,as5q,Lejeune MLG,2
408,205,15,as5q,NHCL,3
408,206,18,as5q,NH Oki,0
408,207,7,as5q,Oki MLG,2
408,208,6,as5q,Oki MEU,1
408,209,17,as5q,NHCP,3
408,210,21,as5q,Ft Belv,1
408,211,12,as5q,Guant,1
408,212,9,as5q,CBIRF,1
408,213,1,as5q,NH Jax,2
408,214,8,as5q,NTTC,0
408,215,11,as5q,NH Napl,3
408,216,14,as5q,NMCP,6
408,217,3,as5q,NH Rota,2
408,218,5,as5q,NMCSD,2
408,219,4,as5q,NH Sig,1
408,220,10,as5q,NHTP,1
408,221,13,as5q,WHMP,1
408,222,2,as5q,NH Yoko,3
409,201,13,pb8x,NH Guam,1
409,202,20,pb8x,WRNMMC,0
409,203,7,pb8x,Lejeune MEU,2
409,204,4,pb8x,Lejeune MLG,2
409,205,5,pb8x,NHCL,3
409,206,22,pb8x,NH Oki,0
409,207,6,pb8x,Oki MLG,2
409,208,14,pb8x,Oki MEU,1
409,209,17,pb8x,NHCP,3
409,210,21,pb8x,Ft Belv,1
409,211,8,pb8x,Guant,1
409,212,16,pb8x,CBIRF,1
409,213,19,pb8x,NH Jax,2
409,214,1,pb8x,NTTC,0
409,215,10,pb8x,NH Napl,3
409,216,9,pb8x,NMCP,6
409,217,3,pb8x,NH Rota,2
409,218,18,pb8x,NMCSD,2
409,219,11,pb8x,NH Sig,1
409,220,15,pb8x,NHTP,1
409,221,2,pb8x,WHMP,1
409,222,12,pb8x,NH Yoko,3
410,201,6,5t8r,NH Guam,1
410,202,22,5t8r,WRNMMC,0
410,203,3,5t8r,Lejeune MEU,2
410,204,18,5t8r,Lejeune MLG,2
410,205,16,5t8r,NHCL,3
410,206,20,5t8r,NH Oki,0
410,207,5,5t8r,Oki MLG,2
410,208,17,5t8r,Oki MEU,1
410,209,7,5t8r,NHCP,3
410,210,15,5t8r,Ft Belv,1
410,211,12,5t8r,Guant,1
410,212,19,5t8r,CBIRF,1
410,213,14,5t8r,NH Jax,2
410,214,13,5t8r,NTTC,0
410,215,10,5t8r,NH Napl,3
410,216,1,5t8r,NMCP,6
410,217,8,5t8r,NH Rota,2
410,218,2,5t8r,NMCSD,2
410,219,11,5t8r,NH Sig,1
410,220,21,5t8r,NHTP,1
410,221,9,5t8r,WHMP,1
410,222,4,5t8r,NH Yoko,3
411,201,12,2tb7,NH Guam,1
411,202,16,2tb7,WRNMMC,0
411,203,21,2tb7,Lejeune MEU,2
411,204,5,2tb7,Lejeune MLG,2
411,205,9,2tb7,NHCL,3
411,206,14,2tb7,NH Oki,0
411,207,8,2tb7,Oki MLG,2
411,208,1,2tb7,Oki MEU,1
411,209,20,2tb7,NHCP,3
411,210,11,2tb7,Ft Belv,1
411,211,6,2tb7,Guant,1
411,212,19,2tb7,CBIRF,1
411,213,18,2tb7,NH Jax,2
411,214,2,2tb7,NTTC,0
411,215,15,2tb7,NH Napl,3
411,216,17,2tb7,NMCP,6
411,217,4,2tb7,NH Rota,2
411,218,7,2tb7,NMCSD,2
411,219,10,2tb7,NH Sig,1
411,220,22,2tb7,NHTP,1
411,221,13,2tb7,WHMP,1
411,222,3,2tb7,NH Yoko,3
412,201,13,9aa1,NH Guam,1
412,202,20,9aa1,WRNMMC,0
412,203,8,9aa1,Lejeune MEU,2
412,204,11,9aa1,Lejeune MLG,2
412,205,16,9aa1,NHCL,3
412,206,17,9aa1,NH Oki,0
412,207,1,9aa1,Oki MLG,2
412,208,14,9aa1,Oki MEU,1
412,209,2,9aa1,NHCP,3
412,210,3,9aa1,Ft Belv,1
412,211,5,9aa1,Guant,1
412,212,9,9aa1,CBIRF,1
412,213,21,9aa1,NH Jax,2
412,214,15,9aa1,NTTC,0
412,215,22,9aa1,NH Napl,3
412,216,19,9aa1,NMCP,6
412,217,18,9aa1,NH Rota,2
412,218,6,9aa1,NMCSD,2
412,219,7,9aa1,NH Sig,1
412,220,10,9aa1,NHTP,1
412,221,4,9aa1,WHMP,1
412,222,12,9aa1,NH Yoko,3
413,201,4,5sjg,NH Guam,1
413,202,5,5sjg,WRNMMC,0
413,203,17,5sjg,Lejeune MEU,2
413,204,22,5sjg,Lejeune MLG,2
413,205,14,5sjg,NHCL,3
413,206,18,5sjg,NH Oki,0
413,207,19,5sjg,Oki MLG,2
413,208,16,5sjg,Oki MEU,1
413,209,15,5sjg,NHCP,3
413,210,21,5sjg,Ft Belv,1
413,211,20,5sjg,Guant,1
413,212,2,5sjg,CBIRF,1
413,213,8,5sjg,NH Jax,2
413,214,1,5sjg,NTTC,0
413,215,7,5sjg,NH Napl,3
413,216,3,5sjg,NMCP,6
413,217,10,5sjg,NH Rota,2
413,218,9,5sjg,NMCSD,2
413,219,11,5sjg,NH Sig,1
413,220,13,5sjg,NHTP,1
413,221,12,5sjg,WHMP,1
413,222,6,5sjg,NH Yoko,3
414,201,3,k1lv,NH Guam,1
414,202,12,k1lv,WRNMMC,0
414,203,21,k1lv,Lejeune MEU,2
414,204,19,k1lv,Lejeune MLG,2
414,205,1,k1lv,NHCL,3
414,206,11,k1lv,NH Oki,0
414,207,14,k1lv,Oki MLG,2
414,208,10,k1lv,Oki MEU,1
414,209,13,k1lv,NHCP,3
414,210,8,k1lv,Ft Belv,1
414,211,22,k1lv,Guant,1
414,212,7,k1lv,CBIRF,1
414,213,15,k1lv,NH Jax,2
414,214,16,k1lv,NTTC,0
414,215,4,k1lv,NH Napl,3
414,216,6,k1lv,NMCP,6
414,217,20,k1lv,NH Rota,2
414,218,17,k1lv,NMCSD,2
414,219,18,k1lv,NH Sig,1
414,220,2,k1lv,NHTP,1
414,221,9,k1lv,WHMP,1
414,222,5,k1lv,NH Yoko,3
415,201,16,cn7q,NH Guam,1
415,202,15,cn7q,WRNMMC,0
415,203,9,cn7q,Lejeune MEU,2
415,204,19,cn7q,Lejeune MLG,2
415,205,11,cn7q,NHCL,3
415,206,8,cn7q,NH Oki,0
415,207,12,cn7q,Oki MLG,2
415,208,5,cn7q,Oki MEU,1
415,209,6,cn7q,NHCP,3
415,210,7,cn7q,Ft Belv,1
415,211,14,cn7q,Guant,1
415,212,2,cn7q,CBIRF,1
415,213,4,cn7q,NH Jax,2
415,214,13,cn7q,NTTC,0
415,215,3,cn7q,NH Napl,3
415,216,17,cn7q,NMCP,6
415,217,1,cn7q,NH Rota,2
415,218,21,cn7q,NMCSD,2
415,219,20,cn7q,NH Sig,1
415,220,18,cn7q,NHTP,1
415,221,22,cn7q,WHMP,1
415,222,10,cn7q,NH Yoko,3
416,201,7,1qhj,NH Guam,1
416,202,4,1qhj,WRNMMC,0
416,203,5,1qhj,Lejeune MEU,2
416,204,20,1qhj,Lejeune MLG,2
416,205,6,1qhj,NHCL,3
416,206,21,1qhj,NH Oki,0
416,207,22,1qhj,Oki MLG,2
416,208,10,1qhj,Oki MEU,1
416,209,16,1qhj,NHCP,3
416,210,13,1qhj,Ft Belv,1
416,211,8,1qhj,Guant,1
416,212,3,1qhj,CBIRF,1
416,213,19,1qhj,NH Jax,2
416,214,1,1qhj,NTTC,0
416,215,14,1qhj,NH Napl,3
416,216,15,1qhj,NMCP,6
416,217,12,1qhj,NH Rota,2
416,218,9,1qhj,NMCSD,2
416,219,18,1qhj,NH Sig,1
416,220,17,1qhj,NHTP,1
416,221,2,1qhj,WHMP,1
416,222,11,1qhj,NH Yoko,3
417,201,14,s9l6,NH Guam,1
417,202,8,s9l6,WRNMMC,0
417,203,12,s9l6,Lejeune MEU,2
417,204,11,s9l6,Lejeune MLG,2
417,205,20,s9l6,NHCL,3
417,206,13,s9l6,NH Oki,0
417,207,15,s9l6,Oki MLG,2
417,208,19,s9l6,Oki MEU,1
417,209,4,s9l6,NHCP,3
417,210,7,s9l6,Ft Belv,1
417,211,5,s9l6,Guant,1
417,212,10,s9l6,CBIRF,1
417,213,16,s9l6,NH Jax,2
417,214,18,s9l6,NTTC,0
417,215,9,s9l6,NH Napl,3
417,216,17,s9l6,NMCP,6
417,217,2,s9l6,NH Rota,2
417,218,21,s9l6,NMCSD,2
417,219,1,s9l6,NH Sig,1
417,220,6,s9l6,NHTP,1
417,221,3,s9l6,WHMP,1
417,222,22,s9l6,NH Yoko,3
418,201,18,bakn,NH Guam,1
418,202,21,bakn,WRNMMC,0
418,203,15,bakn,Lejeune MEU,2
418,204,17,bakn,Lejeune MLG,2
418,205,20,bakn,NHCL,3
418,206,12,bakn,NH Oki,0
418,207,1,bakn,Oki MLG,2
418,208,22,bakn,Oki MEU,1
418,209,16,bakn,NHCP,3
418,210,3,bakn,Ft Belv,1
418,211,6,bakn,Guant,1
418,212,11,bakn,CBIRF,1
418,213,5,bakn,NH Jax,2
418,214,13,bakn,NTTC,0
418,215,8,bakn,NH Napl,3
418,216,14,bakn,NMCP,6
418,217,2,bakn,NH Rota,2
418,218,19,bakn,NMCSD,2
418,219,9,bakn,NH Sig,1
418,220,10,bakn,NHTP,1
418,221,7,bakn,WHMP,1
418,222,4,bakn,NH Yoko,3
419,201,8,pt9y,NH Guam,1
419,202,13,pt9y,WRNMMC,0
419,203,19,pt9y,Lejeune MEU,2
419,204,14,pt9y,Lejeune MLG,2
419,205,5,pt9y,NHCL,3
419,206,2,pt9y,NH Oki,0
419,207,15,pt9y,Oki MLG,2
419,208,4,pt9y,Oki MEU,1
419,209,7,pt9y,NHCP,3
419,210,10,pt9y,Ft Belv,1
419,211,16,pt9y,Guant,1
419,212,9,pt9y,CBIRF,1
419,213,18,pt9y,NH Jax,2
419,214,11,pt9y,NTTC,0
419,215,17,pt9y,NH Napl,3
419,216,22,pt9y,NMCP,6
419,217,20,pt9y,NH Rota,2
419,218,12,pt9y,NMCSD,2
419,219,1,pt9y,NH Sig,1
419,220,3,pt9y,NHTP,1
419,221,21,pt9y,WHMP,1
419,222,6,pt9y,NH Yoko,3
420,201,21,paed,NH Guam,1
420,202,14,paed,WRNMMC,0
420,203,6,paed,Lejeune MEU,2
420,204,3,paed,Lejeune MLG,2
420,205,13,paed,NHCL,3
420,206,11,paed,NH Oki,0
420,207,5,paed,Oki MLG,2
420,208,18,paed,Oki MEU,1
420,209,8,paed,NHCP,3
420,210,12,paed,Ft Belv,1
420,211,1,paed,Guant,1
420,212,9,paed,CBIRF,1
420,213,2,paed,NH Jax,2
420,214,10,paed,NTTC,0
420,215,7,paed,NH Napl,3
420,216,17,paed,NMCP,6
420,217,4,paed,NH Rota,2
420,218,22,paed,NMCSD,2
420,219,15,paed,NH Sig,1
420,220,16,paed,NHTP,1
420,221,20,paed,WHMP,1
420,222,19,paed,NH Yoko,3
421,201,6,zaif,NH Guam,1
421,202,22,zaif,WRNMMC,0
421,203,18,zaif,Lejeune MEU,2
421,204,21,zaif,Lejeune MLG,2
421,205,13,zaif,NHCL,3
421,206,4,zaif,NH Oki,0
421,207,8,zaif,Oki MLG,2
421,208,3,zaif,Oki MEU,1
421,209,16,zaif,NHCP,3
421,210,19,zaif,Ft Belv,1
421,211,10,zaif,Guant,1
421,212,14,zaif,CBIRF,1
421,213,1,zaif,NH Jax,2
421,214,17,zaif,NTTC,0
421,215,5,zaif,NH Napl,3
421,216,11,zaif,NMCP,6
421,217,12,zaif,NH Rota,2
421,218,2,zaif,NMCSD,2
421,219,15,zaif,NH Sig,1
421,220,9,zaif,NHTP,1
421,221,20,zaif,WHMP,1
421,222,7,zaif,NH Yoko,3
422,201,10,h8pg,NH Guam,1
422,202,18,h8pg,WRNMMC,0
422,203,11,h8pg,Lejeune MEU,2
422,204,17,h8pg,Lejeune MLG,2
422,205,13,h8pg,NHCL,3
422,206,21,h8pg,NH Oki,0
422,207,2,h8pg,Oki MLG,2
422,208,7,h8pg,Oki MEU,1
422,209,20,h8pg,NHCP,3
422,210,15,h8pg,Ft Belv,1
422,211,19,h8pg,Guant,1
422,212,14,h8pg,CBIRF,1
422,213,9,h8pg,NH Jax,2
422,214,1,h8pg,NTTC,0
422,215,3,h8pg,NH Napl,3
422,216,8,h8pg,NMCP,6
422,217,12,h8pg,NH Rota,2
422,218,4,h8pg,NMCSD,2
422,219,16,h8pg,NH Sig,1
422,220,6,h8pg,NHTP,1
422,221,22,h8pg,WHMP,1
422,222,5,h8pg,NH Yoko,3
423,201,13,vqdq,NH Guam,1
423,202,19,vqdq,WRNMMC,0
423,203,8,vqdq,Lejeune MEU,2
423,204,14,vqdq,Lejeune MLG,2
423,205,1,vqdq,NHCL,3
423,206,22,vqdq,NH Oki,0
423,207,10,vqdq,Oki MLG,2
423,208,7,vqdq,Oki MEU,1
423,209,18,vqdq,NHCP,3
423,210,12,vqdq,Ft Belv,1
423,211,15,vqdq,Guant,1
423,212,4,vqdq,CBIRF,1
423,213,20,vqdq,NH Jax,2
423,214,3,vqdq,NTTC,0
423,215,9,vqdq,NH Napl,3
423,216,2,vqdq,NMCP,6
423,217,16,vqdq,NH Rota,2
423,218,6,vqdq,NMCSD,2
423,219,5,vqdq,NH Sig,1
423,220,17,vqdq,NHTP,1
423,221,21,vqdq,WHMP,1
423,222,11,vqdq,NH Yoko,3
424,201,3,d6hs,NH Guam,1
424,202,18,d6hs,WRNMMC,0
424,203,5,d6hs,Lejeune MEU,2
424,204,14,d6hs,Lejeune MLG,2
424,205,22,d6hs,NHCL,3
424,206,2,d6hs,NH Oki,0
424,207,12,d6hs,Oki MLG,2
424,208,11,d6hs,Oki MEU,1
424,209,21,d6hs,NHCP,3
424,210,16,d6hs,Ft Belv,1
424,211,6,d6hs,Guant,1
424,212,19,d6hs,CBIRF,1
424,213,8,d6hs,NH Jax,2
424,214,7,d6hs,NTTC,0
424,215,13,d6hs,NH Napl,3
424,216,10,d6hs,NMCP,6
424,217,1,d6hs,NH Rota,2
424,218,9,d6hs,NMCSD,2
424,219,17,d6hs,NH Sig,1
424,220,15,d6hs,NHTP,1
424,221,20,d6hs,WHMP,1
424,222,4,d6hs,NH Yoko,3
425,201,12,tb5t,NH Guam,1
425,202,10,tb5t,WRNMMC,0
425,203,13,tb5t,Lejeune MEU,2
425,204,11,tb5t,Lejeune MLG,2
425,205,5,tb5t,NHCL,3
425,206,21,tb5t,NH Oki,0
425,207,15,tb5t,Oki MLG,2
425,208,6,tb5t,Oki MEU,1
425,209,22,tb5t,NHCP,3
425,210,18,tb5t,Ft Belv,1
425,211,20,tb5t,Guant,1
425,212,3,tb5t,CBIRF,1
425,213,9,tb5t,NH Jax,2
425,214,2,tb5t,NTTC,0
425,215,16,tb5t,NH Napl,3
425,216,17,tb5t,NMCP,6
425,217,14,tb5t,NH Rota,2
425,218,8,tb5t,NMCSD,2
425,219,19,tb5t,NH Sig,1
425,220,4,tb5t,NHTP,1
425,221,7,tb5t,WHMP,1
425,222,1,tb5t,NH Yoko,3
426,201,4,d2nz,NH Guam,1
426,202,7,d2nz,WRNMMC,0
426,203,9,d2nz,Lejeune MEU,2
426,204,14,d2nz,Lejeune MLG,2
426,205,17,d2nz,NHCL,3
426,206,2,d2nz,NH Oki,0
426,207,8,d2nz,Oki MLG,2
426,208,18,d2nz,Oki MEU,1
426,209,16,d2nz,NHCP,3
426,210,19,d2nz,Ft Belv,1
426,211,3,d2nz,Guant,1
426,212,15,d2nz,CBIRF,1
426,213,10,d2nz,NH Jax,2
426,214,22,d2nz,NTTC,0
426,215,20,d2nz,NH Napl,3
426,216,13,d2nz,NMCP,6
426,217,12,d2nz,NH Rota,2
426,218,1,d2nz,NMCSD,2
426,219,11,d2nz,NH Sig,1
426,220,6,d2nz,NHTP,1
426,221,5,d2nz,WHMP,1
426,222,21,d2nz,NH Yoko,3
427,201,1,9je3,NH Guam,1
427,202,10,9je3,WRNMMC,0
427,203,6,9je3,Lejeune MEU,2
427,204,21,9je3,Lejeune MLG,2
427,205,13,9je3,NHCL,3
427,206,8,9je3,NH Oki,0
427,207,12,9je3,Oki MLG,2
427,208,4,9je3,Oki MEU,1
427,209,14,9je3,NHCP,3
427,210,22,9je3,Ft Belv,1
427,211,5,9je3,Guant,1
427,212,17,9je3,CBIRF,1
427,213,9,9je3,NH Jax,2
427,214,15,9je3,NTTC,0
427,215,16,9je3,NH Napl,3
427,216,20,9je3,NMCP,6
427,217,2,9je3,NH Rota,2
427,218,3,9je3,NMCSD,2
427,219,11,9je3,NH Sig,1
427,220,19,9je3,NHTP,1
427,221,18,9je3,WHMP,1
427,222,7,9je3,NH Yoko,3
428,201,16,vzno,NH Guam,1
428,202,4,vzno,WRNMMC,0
428,203,13,vzno,Lejeune MEU,2
428,204,6,vzno,Lejeune MLG,2
428,205,20,vzno,NHCL,3
428,206,7,vzno,NH Oki,0
428,207,22,vzno,Oki MLG,2
428,208,8,vzno,Oki MEU,1
428,209,5,vzno,NHCP,3
428,210,14,vzno,Ft Belv,1
428,211,10,vzno,Guant,1
428,212,19,vzno,CBIRF,1
428,213,15,vzno,NH Jax,2
428,214,3,vzno,NTTC,0
428,215,17,vzno,NH Napl,3
428,216,21,vzno,NMCP,6
428,217,9,vzno,NH Rota,2
428,218,1,vzno,NMCSD,2
428,219,2,vzno,NH Sig,1
428,220,18,vzno,NHTP,1
428,221,12,vzno,WHMP,1
428,222,11,vzno,NH Yoko,3
429,201,18,85i6,NH Guam,1
429,202,5,85i6,WRNMMC,0
429,203,16,85i6,Lejeune MEU,2
429,204,19,85i6,Lejeune MLG,2
429,205,8,85i6,NHCL,3
429,206,10,85i6,NH Oki,0
429,207,7,85i6,Oki MLG,2
429,208,14,85i6,Oki MEU,1
429,209,3,85i6,NHCP,3
429,210,9,85i6,Ft Belv,1
429,211,11,85i6,Guant,1
429,212,12,85i6,CBIRF,1
429,213,6,85i6,NH Jax,2
429,214,2,85i6,NTTC,0
429,215,22,85i6,NH Napl,3
429,216,17,85i6,NMCP,6
429,217,1,85i6,NH Rota,2
429,218,20,85i6,NMCSD,2
429,219,13,85i6,NH Sig,1
429,220,4,85i6,NHTP,1
429,221,21,85i6,WHMP,1
429,222,15,85i6,NH Yoko,3
430,201,8,zkff,NH Guam,1
430,202,3,zkff,WRNMMC,0
430,203,7,zkff,Lejeune MEU,2
430,204,11,zkff,Lejeune MLG,2
430,205,4,zkff,NHCL,3
430,206,12,zkff,NH Oki,0
430,207,21,zkff,Oki MLG,2
430,208,15,zkff,Oki MEU,1
430,209,1,zkff,NHCP,3
430,210,19,zkff,Ft Belv,1
430,211,14,zkff,Guant,1
430,212,2,zkff,CBIRF,1
430,213,22,zkff,NH Jax,2
430,214,6,zkff,NTTC,0
430,215,17,zkff,NH Napl,3
430,216,13,zkff,NMCP,6
430,217,16,zkff,NH Rota,2
430,218,18,zkff,NMCSD,2
430,219,20,zkff,NH Sig,1
430,220,9,zkff,NHTP,1
430,221,10,zkff,WHMP,1
430,222,5,zkff,NH Yoko,3
431,201,19,6ust,NH Guam,1
431,202,17,6ust,WRNMMC,0
431,203,13,6ust,Lejeune MEU,2
431,204,4,6ust,Lejeune MLG,2
431,205,5,6ust,NHCL,3
431,206,12,6ust,NH Oki,0
431,207,21,6ust,Oki MLG,2
431,208,9,6ust,Oki MEU,1
431,209,8,6ust,NHCP,3
431,210,16,6ust,Ft Belv,1
431,211,11,6ust,Guant,1
431,212,10,6ust,CBIRF,1
431,213,7,6ust,NH Jax,2
431,214,2,6ust,NTTC,0
431,215,14,6ust,NH Napl,3
431,216,3,6ust,NMCP,6
431,217,6,6ust,NH Rota,2
431,218,15,6ust,NMCSD,2
431,219,20,6ust,NH Sig,1
431,220,18,6ust,NHTP,1
431,221,22,6ust,WHMP,1
431,222,1,6ust,NH Yoko,3
432,201,22,785o,NH Guam,1
432,202,18,785o,WRNMMC,0
432,203,16,785o,Lejeune MEU,2
432,204,3,785o,Lejeune MLG,2
432,205,5,785o,NHCL,3
432,206,20,785o,NH Oki,0
432,207,9,785o,Oki MLG,2
432,208,4,785o,Oki MEU,1
432,209,21,785o,NHCP,3
432,210,2,785o,Ft Belv,1
432,211,6,785o,Guant,1
432,212,1,785o,CBIRF,1
432,213,12,785o,NH Jax,2
432,214,8,785o,NTTC,0
432,215,19,785o,NH Napl,3
432,216,10,785o,NMCP,6
432,217,13,785o,NH Rota,2
432,218,11,785o,NMCSD,2
432,219,14,785o,NH Sig,1
432,220,15,785o,NHTP,1
432,221,7,785o,WHMP,1
432,222,17,785o,NH Yoko,3
433,201,6,6zmz,NH Guam,1
433,202,5,6zmz,WRNMMC,0
433,203,12,6zmz,Lejeune MEU,2
433,204,20,6zmz,Lejeune MLG,2
433,205,8,6zmz,NHCL,3
433,206,15,6zmz,NH Oki,0
433,207,22,6zmz,Oki MLG,2
433,208,10,6zmz,Oki MEU,1
433,209,11,6zmz,NHCP,3
433,210,21,6zmz,Ft Belv,1
433,211,1,6zmz,Guant,1
433,212,13,6zmz,CBIRF,1
433,213,14,6zmz,NH Jax,2
433,214,7,6zmz,NTTC,0
433,215,19,6zmz,NH Napl,3
433,216,18,6zmz,NMCP,6
433,217,3,6zmz,NH Rota,2
433,218,16,6zmz,NMCSD,2
433,219,17,6zmz,NH Sig,1
433,220,2,6zmz,NHTP,1
433,221,4,6zmz,WHMP,1
433,222,9,6zmz,NH Yoko,3
434,201,22,525l,NH Guam,1
434,202,10,525l,WRNMMC,0
434,203,8,525l,Lejeune MEU,2
434,204,15,525l,Lejeune MLG,2
434,205,16,525l,NHCL,3
434,206,5,525l,NH Oki,0
434,207,3,525l,Oki MLG,2
434,208,11,525l,Oki MEU,1
434,209,19,525l,NHCP,3
434,210,13,525l,Ft Belv,1
434,211,9,525l,Guant,1
434,212,6,525l,CBIRF,1
434,213,2,525l,NH Jax,2
434,214,21,525l,NTTC,0
434,215,4,525l,NH Napl,3
434,216,7,525l,NMCP,6
434,217,14,525l,NH Rota,2
434,218,20,525l,NMCSD,2
434,219,12,525l,NH Sig,1
434,220,1,525l,NHTP,1
434,221,17,525l,WHMP,1
434,222,18,525l,NH Yoko,3
435,201,4,cbku,NH Guam,1
435,202,22,cbku,WRNMMC,0
435,203,14,cbku,Lejeune MEU,2
435,204,3,cbku,Lejeune MLG,2
435,205,10,cbku,NHCL,3
435,206,21,cbku,NH Oki,0
435,207,5,cbku,Oki MLG,2
435,208,9,cbku,Oki MEU,1
435,209,8,cbku,NHCP,3
435,210,13,cbku,Ft Belv,1
435,211,15,cbku,Guant,1
435,212,2,cbku,CBIRF,1
435,213,16,cbku,NH Jax,2
435,214,17,cbku,NTTC,0
435,215,19,cbku,NH Napl,3
435,216,1,cbku,NMCP,6
435,217,11,cbku,NH Rota,2
435,218,18,cbku,NMCSD,2
435,219,7,cbku,NH Sig,1
435,220,12,cbku,NHTP,1
435,221,6,cbku,WHMP,1
435,222,20,cbku,NH Yoko,3
436,201,2,0cot,NH Guam,1
436,202,13,0cot,WRNMMC,0
436,203,21,0cot,Lejeune MEU,2
436,204,17,0cot,Lejeune MLG,2
436,205,4,0cot,NHCL,3
436,206,11,0cot,NH Oki,0
436,207,22,0cot,Oki MLG,2
436,208,18,0cot,Oki MEU,1
436,209,10,0cot,NHCP,3
436,210,12,0cot,Ft Belv,1
436,211,8,0cot,Guant,1
436,212,5,0cot,CBIRF,1
436,213,16,0cot,NH Jax,2
436,214,3,0cot,NTTC,0
436,215,1,0cot,NH Napl,3
436,216,20,0cot,NMCP,6
436,217,19,0cot,NH Rota,2
436,218,7,0cot,NMCSD,2
436,219,15,0cot,NH Sig,1
436,220,14,0cot,NHTP,1
436,221,6,0cot,WHMP,1
436,222,9,0cot,NH Yoko,3
437,201,5,ojoz,NH Guam,1
437,202,15,ojoz,WRNMMC,0
437,203,2,ojoz,Lejeune MEU,2
437,204,16,ojoz,Lejeune MLG,2
437,205,3,ojoz,NHCL,3
437,206,20,ojoz,NH Oki,0
437,207,4,ojoz,Oki MLG,2
437,208,14,ojoz,Oki MEU,1
437,209,9,ojoz,NHCP,3
437,210,12,ojoz,Ft Belv,1
437,211,1,ojoz,Guant,1
437,212,10,ojoz,CBIRF,1
437,213,19,ojoz,NH Jax,2
437,214,6,ojoz,NTTC,0
437,215,11,ojoz,NH Napl,3
437,216,7,ojoz,NMCP,6
437,217,13,ojoz,NH Rota,2
437,218,22,ojoz,NMCSD,2
437,219,8,ojoz,NH Sig,1
437,220,18,ojoz,NHTP,1
437,221,21,ojoz,WHMP,1
437,222,17,ojoz,NH Yoko,3
438,201,17,tun2,NH Guam,1
438,202,18,tun2,WRNMMC,0
438,203,14,tun2,Lejeune MEU,2
438,204,7,tun2,Lejeune MLG,2
438,205,21,tun2,NHCL,3
438,206,2,tun2,NH Oki,0
438,207,4,tun2,Oki MLG,2
438,208,11,tun2,Oki MEU,1
438,209,19,tun2,NHCP,3
438,210,8,tun2,Ft Belv,1
438,211,3,tun2,Guant,1
438,212,15,tun2,CBIRF,1
438,213,1,tun2,NH Jax,2
438,214,5,tun2,NTTC,0
438,215,10,tun2,NH Napl,3
438,216,6,tun2,NMCP,6
438,217,20,tun2,NH Rota,2
438,218,22,tun2,NMCSD,2
438,219,9,tun2,NH Sig,1
438,220,16,tun2,NHTP,1
438,221,13,tun2,WHMP,1
438,222,12,tun2,NH Yoko,3
439,201,1,ob7u,NH Guam,1
439,202,3,ob7u,WRNMMC,0
439,203,22,ob7u,Lejeune MEU,2
439,204,9,ob7u,Lejeune MLG,2
439,205,19,ob7u,NHCL,3
439,206,6,ob7u,NH Oki,0
439,207,16,ob7u,Oki MLG,2
439,208,8,ob7u,Oki MEU,1
439,209,21,ob7u,NHCP,3
439,210,20,ob7u,Ft Belv,1
439,211,12,ob7u,Guant,1
439,212,7,ob7u,CBIRF,1
439,213,5,ob7u,NH Jax,2
439,214,2,ob7u,NTTC,0
439,215,10,ob7u,NH Napl,3
439,216,4,ob7u,NMCP,6
439,217,11,ob7u,NH Rota,2
439,218,17,ob7u,NMCSD,2
439,219,18,ob7u,NH Sig,1
439,220,13,ob7u,NHTP,1
439,221,14,ob7u,WHMP,1
439,222,15,ob7u,NH Yoko,3
440,201,16,27vk,NH Guam,1
440,202,11,27vk,WRNMMC,0
440,203,9,27vk,Lejeune MEU,2
440,204,19,27vk,Lejeune MLG,2
440,205,22,27vk,NHCL,3
440,206,14,27vk,NH Oki,0
440,207,8,27vk,Oki MLG,2
440,208,1,27vk,Oki MEU,1
440,209,4,27vk,NHCP,3
440,210,15,27vk,Ft Belv,1
440,211,3,27vk,Guant,1
440,212,17,27vk,CBIRF,1
440,213,10,27vk,NH Jax,2
440,214,18,27vk,NTTC,0
440,215,5,27vk,NH Napl,3
440,216,21,27vk,NMCP,6
440,217,12,27vk,NH Rota,2
440,218,6,27vk,NMCSD,2
440,219,7,27vk,NH Sig,1
440,220,20,27vk,NHTP,1
440,221,2,27vk,WHMP,1
440,222,13,27vk,NH Yoko,3
441,201,8,ovvy,NH Guam,1
441,202,11,ovvy,WRNMMC,0
441,203,4,ovvy,Lejeune MEU,2
441,204,19,ovvy,Lejeune MLG,2
441,205,20,ovvy,NHCL,3
441,206,12,ovvy,NH Oki,0
441,207,17,ovvy,Oki MLG,2
441,208,14,ovvy,Oki MEU,1
441,209,1,ovvy,NHCP,3
441,210,10,ovvy,Ft Belv,1
441,211,16,ovvy,Guant,1
441,212,22,ovvy,CBIRF,1
441,213,6,ovvy,NH Jax,2
441,214,9,ovvy,NTTC,0
441,215,2,ovvy,NH Napl,3
441,216,21,ovvy,NMCP,6
441,217,18,ovvy,NH Rota,2
441,218,5,ovvy,NMCSD,2
441,219,3,ovvy,NH Sig,1
441,220,7,ovvy,NHTP,1
441,221,15,ovvy,WHMP,1
441,222,13,ovvy,NH Yoko,3
442,201,18,bqrp,NH Guam,1
442,202,10,bqrp,WRNMMC,0
442,203,20,bqrp,Lejeune MEU,2
442,204,15,bqrp,Lejeune MLG,2
442,205,12,bqrp,NHCL,3
442,206,16,bqrp,NH Oki,0
442,207,5,bqrp,Oki MLG,2
442,208,4,bqrp,Oki MEU,1
442,209,11,bqrp,NHCP,3
442,210,6,bqrp,Ft Belv,1
442,211,1,bqrp,Guant,1
442,212,3,bqrp,CBIRF,1
442,213,9,bqrp,NH Jax,2
442,214,14,bqrp,NTTC,0
442,215,13,bqrp,NH Napl,3
442,216,8,bqrp,NMCP,6
442,217,2,bqrp,NH Rota,2
442,218,22,bqrp,NMCSD,2
442,219,7,bqrp,NH Sig,1
442,220,19,bqrp,NHTP,1
442,221,17,bqrp,WHMP,1
442,222,21,bqrp,NH Yoko,3
443,201,6,yocg,NH Guam,1
443,202,4,yocg,WRNMMC,0
443,203,15,yocg,Lejeune MEU,2
443,204,8,yocg,Lejeune MLG,2
443,205,10,yocg,NHCL,3
443,206,2,yocg,NH Oki,0
443,207,21,yocg,Oki MLG,2
443,208,3,yocg,Oki MEU,1
443,209,5,yocg,NHCP,3
443,210,11,yocg,Ft Belv,1
443,211,1,yocg,Guant,1
443,212,19,yocg,CBIRF,1
443,213,9,yocg,NH Jax,2
443,214,14,yocg,NTTC,0
443,215,22,yocg,NH Napl,3
443,216,7,yocg,NMCP,6
443,217,16,yocg,NH Rota,2
443,218,18,yocg,NMCSD,2
443,219,20,yocg,NH Sig,1
443,220,17,yocg,NHTP,1
443,221,13,yocg,WHMP,1
443,222,12,yocg,NH Yoko,3
444,201,9,yk8a,NH Guam,1
444,202,1,yk8a,WRNMMC,0
444,203,8,yk8a,Lejeune MEU,2
444,204,18,yk8a,Lejeune MLG,2
444,205,19,yk8a,NHCL,3
444,206,16,yk8a,NH Oki,0
444,207,12,yk8a,Oki MLG,2
444,208,2,yk8a,Oki MEU,1
444,209,7,yk8a,NHCP,3
444,210,13,yk8a,Ft Belv,1
444,211,22,yk8a,Guant,1
444,212,4,yk8a,CBIRF,1
444,213,14,yk8a,NH Jax,2
444,214,21,yk8a,NTTC,0
444,215,10,yk8a,NH Napl,3
444,216,17,yk8a,NMCP,6
444,217,6,yk8a,NH Rota,2
444,218,5,yk8a,NMCSD,2
444,219,11,yk8a,NH Sig,1
444,220,20,yk8a,NHTP,1
444,221,3,yk8a,WHMP,1
444,222,15,yk8a,NH Yoko,3
445,201,13,fg86,NH Guam,1
445,202,5,fg86,WRNMMC,0
445,203,17,fg86,Lejeune MEU,2
445,204,6,fg86,Lejeune MLG,2
445,205,11,fg86,NHCL,3
445,206,7,fg86,NH Oki,0
445,207,9,fg86,Oki MLG,2
445,208,15,fg86,Oki MEU,1
445,209,10,fg86,NHCP,3
445,210,18,fg86,Ft Belv,1
445,211,3,fg86,Guant,1
445,212,4,fg86,CBIRF,1
445,213,1,fg86,NH Jax,2
445,214,12,fg86,NTTC,0
445,215,2,fg86,NH Napl,3
445,216,14,fg86,NMCP,6
445,217,20,fg86,NH Rota,2
445,218,19,fg86,NMCSD,2
445,219,16,fg86,NH Sig,1
445,220,21,fg86,NHTP,1
445,221,8,fg86,WHMP,1
445,222,22,fg86,NH Yoko,3
446,201,20,wfv3,NH Guam,1
446,202,11,wfv3,WRNMMC,0
446,203,16,wfv3,Lejeune MEU,2
446,204,10,wfv3,Lejeune MLG,2
446,205,19,wfv3,NHCL,3
446,206,17,wfv3,NH Oki,0
446,207,4,wfv3,Oki MLG,2
446,208,5,wfv3,Oki MEU,1
446,209,15,wfv3,NHCP,3
446,210,7,wfv3,Ft Belv,1
446,211,13,wfv3,Guant,1
446,212,3,wfv3,CBIRF,1
446,213,21,wfv3,NH Jax,2
446,214,6,wfv3,NTTC,0
446,215,22,wfv3,NH Napl,3
446,216,12,wfv3,NMCP,6
446,217,14,wfv3,NH Rota,2
446,218,2,wfv3,NMCSD,2
446,219,9,wfv3,NH Sig,1
446,220,1,wfv3,NHTP,1
446,221,18,wfv3,WHMP,1
446,222,8,wfv3,NH Yoko,3
447,201,7,goed,NH Guam,1
447,202,11,goed,WRNMMC,0
447,203,6,goed,Lejeune MEU,2
447,204,21,goed,Lejeune MLG,2
447,205,16,goed,NHCL,3
447,206,2,goed,NH Oki,0
447,207,8,goed,Oki MLG,2
447,208,12,goed,Oki MEU,1
447,209,15,goed,NHCP,3
447,210,22,goed,Ft Belv,1
447,211,10,goed,Guant,1
447,212,5,goed,CBIRF,1
447,213,17,goed,NH Jax,2
447,214,20,goed,NTTC,0
447,215,9,goed,NH Napl,3
447,216,1,goed,NMCP,6
447,217,14,goed,NH Rota,2
447,218,18,goed,NMCSD,2
447,219,13,goed,NH Sig,1
447,220,19,goed,NHTP,1
447,221,3,goed,WHMP,1
447,222,4,goed,NH Yoko,3
448,201,6,nkql,NH Guam,1
448,202,22,nkql,WRNMMC,0
448,203,18,nkql,Lejeune MEU,2
448,204,21,nkql,Lejeune MLG,2
448,205,3,nkql,NHCL,3
448,206,19,nkql,NH Oki,0
448,207,14,nkql,Oki MLG,2
448,208,10,nkql,Oki MEU,1
448,209,20,nkql,NHCP,3
448,210,2,nkql,Ft Belv,1
448,211,16,nkql,Guant,1
448,212,13,nkql,CBIRF,1
448,213,1,nkql,NH Jax,2
448,214,15,nkql,NTTC,0
448,215,17,nkql,NH Napl,3
448,216,7,nkql,NMCP,6
448,217,4,nkql,NH Rota,2
448,218,11,nkql,NMCSD,2
448,219,5,nkql,NH Sig,1
448,220,8,nkql,NHTP,1
448,221,9,nkql,WHMP,1
448,222,12,nkql,NH Yoko,3
449,201,8,lptr,NH Guam,1
449,202,7,lptr,WRNMMC,0
449,203,1,lptr,Lejeune MEU,2
449,204,14,lptr,Lejeune MLG,2
449,205,9,lptr,NHCL,3
449,206,10,lptr,NH Oki,0
449,207,22,lptr,Oki MLG,2
449,208,19,lptr,Oki MEU,1
449,209,5,lptr,NHCP,3
449,210,11,lptr,Ft Belv,1
449,211,6,lptr,Guant,1
449,212,18,lptr,CBIRF,1
449,213,15,lptr,NH Jax,2
449,214,17,lptr,NTTC,0
449,215,4,lptr,NH Napl,3
449,216,20,lptr,NMCP,6
449,217,3,lptr,NH Rota,2
449,218,13,lptr,NMCSD,2
449,219,21,lptr,NH Sig,1
449,220,12,lptr,NHTP,1
449,221,2,lptr,WHMP,1
449,222,16,lptr,NH Yoko,3
450,201,14,2w56,NH Guam,1
450,202,22,2w56,WRNMMC,0
450,203,7,2w56,Lejeune MEU,2
450,204,18,2w56,Lejeune MLG,2
450,205,21,2w56,NHCL,3
450,206,19,2w56,NH Oki,0
450,207,2,2w56,Oki MLG,2
450,208,10,2w56,Oki MEU,1
450,209,15,2w56,NHCP,3
450,210,3,2w56,Ft Belv,1
450,211,16,2w56,Guant,1
450,212,13,2w56,CBIRF,1
450,213,8,2w56,NH Jax,2
450,214,5,2w56,NTTC,0
450,215,17,2w56,NH Napl,3
450,216,20,2w56,NMCP,6
450,217,9,2w56,NH Rota,2
450,218,11,2w56,NMCSD,2
450,219,4,2w56,NH Sig,1
450,220,1,2w56,NHTP,1
450,221,6,2w56,WHMP,1
450,222,12,2w56,NH Yoko,3
451,201,11,fjh2,NH Guam,1
451,202,1,fjh2,WRNMMC,0
451,203,9,fjh2,Lejeune MEU,2
451,204,8,fjh2,Lejeune MLG,2
451,205,5,fjh2,NHCL,3
451,206,22,fjh2,NH Oki,0
451,207,14,fjh2,Oki MLG,2
451,208,13,fjh2,Oki MEU,1
451,209,20,fjh2,NHCP,3
451,210,17,fjh2,Ft Belv,1
451,211,3,fjh2,Guant,1
451,212,18,fjh2,CBIRF,1
451,213,2,fjh2,NH Jax,2
451,214,4,fjh2,NTTC,0
451,215,10,fjh2,NH Napl,3
451,216,7,fjh2,NMCP,6
451,217,21,fjh2,NH Rota,2
451,218,16,fjh2,NMCSD,2
451,219,15,fjh2,NH Sig,1
451,220,12,fjh2,NHTP,1
451,221,6,fjh2,WHMP,1
451,222,19,fjh2,NH Yoko,3
452,201,4,lsg3,NH Guam,1
452,202,9,lsg3,WRNMMC,0
452,203,17,lsg3,Lejeune MEU,2
452,204,13,lsg3,Lejeune MLG,2
452,205,10,lsg3,NHCL,3
452,206,11,lsg3,NH Oki,0
452,207,5,lsg3,Oki MLG,2
452,208,14,lsg3,Oki MEU,1
452,209,3,lsg3,NHCP,3
452,210,15,lsg3,Ft Belv,1
452,211,6,lsg3,Guant,1
452,212,7,lsg3,CBIRF,1
452,213,20,lsg3,NH Jax,2
452,214,19,lsg3,NTTC,0
452,215,1,lsg3,NH Napl,3
452,216,8,lsg3,NMCP,6
452,217,21,lsg3,NH Rota,2
452,218,16,lsg3,NMCSD,2
452,219,22,lsg3,NH Sig,1
452,220,12,lsg3,NHTP,1
452,221,18,lsg3,WHMP,1
452,222,2,lsg3,NH Yoko,3
453,201,3,lgds,NH Guam,1
453,202,10,lgds,WRNMMC,0
453,203,20,lgds,Lejeune MEU,2
453,204,22,lgds,Lejeune MLG,2
453,205,14,lgds,NHCL,3
453,206,9,lgds,NH Oki,0
453,207,21,lgds,Oki MLG,2
453,208,15,lgds,Oki MEU,1
453,209,2,lgds,NHCP,3
453,210,7,lgds,Ft Belv,1
453,211,13,lgds,Guant,1
453,212,18,lgds,CBIRF,1
453,213,4,lgds,NH Jax,2
453,214,8,lgds,NTTC,0
453,215,5,lgds,NH Napl,3
453,216,11,lgds,NMCP,6
453,217,12,lgds,NH Rota,2
453,218,17,lgds,NMCSD,2
453,219,16,lgds,NH Sig,1
453,220,1,lgds,NHTP,1
453,221,6,lgds,WHMP,1
453,222,19,lgds,NH Yoko,3
454,201,20,jp1a,NH Guam,1
454,202,13,jp1a,WRNMMC,0
454,203,2,jp1a,Lejeune MEU,2
454,204,21,jp1a,Lejeune MLG,2
454,205,11,jp1a,NHCL,3
454,206,5,jp1a,NH Oki,0
454,207,19,jp1a,Oki MLG,2
454,208,22,jp1a,Oki MEU,1
454,209,15,jp1a,NHCP,3
454,210,14,jp1a,Ft Belv,1
454,211,8,jp1a,Guant,1
454,212,9,jp1a,CBIRF,1
454,213,1,jp1a,NH Jax,2
454,214,10,jp1a,NTTC,0
454,215,16,jp1a,NH Napl,3
454,216,12,jp1a,NMCP,6
454,217,6,jp1a,NH Rota,2
454,218,3,jp1a,NMCSD,2
454,219,7,jp1a,NH Sig,1
454,220,17,jp1a,NHTP,1
454,221,18,jp1a,WHMP,1
454,222,4,jp1a,NH Yoko,3
455,201,11,zs4z,NH Guam,1
455,202,17,zs4z,WRNMMC,0
455,203,9,zs4z,Lejeune MEU,2
455,204,15,zs4z,Lejeune MLG,2
455,205,19,zs4z,NHCL,3
455,206,14,zs4z,NH Oki,0
455,207,4,zs4z,Oki MLG,2
455,208,13,zs4z,Oki MEU,1
455,209,20,zs4z,NHCP,3
455,210,6,zs4z,Ft Belv,1
455,211,8,zs4z,Guant,1
455,212,22,zs4z,CBIRF,1
455,213,12,zs4z,NH Jax,2
455,214,21,zs4z,NTTC,0
455,215,5,zs4z,NH Napl,3
455,216,10,zs4z,NMCP,6
455,217,16,zs4z,NH Rota,2
455,218,2,zs4z,NMCSD,2
455,219,3,zs4z,NH Sig,1
455,220,7,zs4z,NHTP,1
455,221,1,zs4z,WHMP,1
455,222,18,zs4z,NH Yoko,3
456,201,4,0izt,NH Guam,1
456,202,16,0izt,WRNMMC,0
456,203,3,0izt,Lejeune MEU,2
456,204,8,0izt,Lejeune MLG,2
456,205,19,0izt,NHCL,3
456,206,7,0izt,NH Oki,0
456,207,20,0izt,Oki MLG,2
456,208,1,0izt,Oki MEU,1
456,209,11,0izt,NHCP,3
456,210,14,0izt,Ft Belv,1
456,211,21,0izt,Guant,1
456,212,18,0izt,CBIRF,1
456,213,22,0izt,NH Jax,2
456,214,2,0izt,NTTC,0
456,215,17,0izt,NH Napl,3
456,216,9,0izt,NMCP,6
456,217,10,0izt,NH Rota,2
456,218,13,0izt,NMCSD,2
456,219,15,0izt,NH Sig,1
456,220,12,0izt,NHTP,1
456,221,5,0izt,WHMP,1
456,222,6,0izt,NH Yoko,3
457,201,17,7-Jun,NH Guam,1
457,202,3,7-Jun,WRNMMC,0
457,203,1,7-Jun,Lejeune MEU,2
457,204,4,7-Jun,Lejeune MLG,2
457,205,6,7-Jun,NHCL,3
457,206,16,7-Jun,NH Oki,0
457,207,18,7-Jun,Oki MLG,2
457,208,22,7-Jun,Oki MEU,1
457,209,21,7-Jun,NHCP,3
457,210,14,7-Jun,Ft Belv,1
457,211,8,7-Jun,Guant,1
457,212,5,7-Jun,CBIRF,1
457,213,20,7-Jun,NH Jax,2
457,214,13,7-Jun,NTTC,0
457,215,7,7-Jun,NH Napl,3
457,216,19,7-Jun,NMCP,6
457,217,12,7-Jun,NH Rota,2
457,218,10,7-Jun,NMCSD,2
457,219,11,7-Jun,NH Sig,1
457,220,9,7-Jun,NHTP,1
457,221,15,7-Jun,WHMP,1
457,222,2,7-Jun,NH Yoko,3
458,201,4,jmhn,NH Guam,1
458,202,18,jmhn,WRNMMC,0
458,203,21,jmhn,Lejeune MEU,2
458,204,17,jmhn,Lejeune MLG,2
458,205,5,jmhn,NHCL,3
458,206,16,jmhn,NH Oki,0
458,207,7,jmhn,Oki MLG,2
458,208,8,jmhn,Oki MEU,1
458,209,20,jmhn,NHCP,3
458,210,13,jmhn,Ft Belv,1
458,211,19,jmhn,Guant,1
458,212,14,jmhn,CBIRF,1
458,213,10,jmhn,NH Jax,2
458,214,22,jmhn,NTTC,0
458,215,3,jmhn,NH Napl,3
458,216,11,jmhn,NMCP,6
458,217,2,jmhn,NH Rota,2
458,218,6,jmhn,NMCSD,2
458,219,9,jmhn,NH Sig,1
458,220,1,jmhn,NHTP,1
458,221,12,jmhn,WHMP,1
458,222,15,jmhn,NH Yoko,3
459,201,2,zpzj,NH Guam,1
459,202,13,zpzj,WRNMMC,0
459,203,22,zpzj,Lejeune MEU,2
459,204,4,zpzj,Lejeune MLG,2
459,205,14,zpzj,NHCL,3
459,206,18,zpzj,NH Oki,0
459,207,6,zpzj,Oki MLG,2
459,208,10,zpzj,Oki MEU,1
459,209,16,zpzj,NHCP,3
459,210,17,zpzj,Ft Belv,1
459,211,21,zpzj,Guant,1
459,212,20,zpzj,CBIRF,1
459,213,8,zpzj,NH Jax,2
459,214,15,zpzj,NTTC,0
459,215,1,zpzj,NH Napl,3
459,216,9,zpzj,NMCP,6
459,217,5,zpzj,NH Rota,2
459,218,7,zpzj,NMCSD,2
459,219,3,zpzj,NH Sig,1
459,220,12,zpzj,NHTP,1
459,221,19,zpzj,WHMP,1
459,222,11,zpzj,NH Yoko,3
460,201,21,q5lj,NH Guam,1
460,202,5,q5lj,WRNMMC,0
460,203,17,q5lj,Lejeune MEU,2
460,204,20,q5lj,Lejeune MLG,2
460,205,1,q5lj,NHCL,3
460,206,4,q5lj,NH Oki,0
460,207,3,q5lj,Oki MLG,2
460,208,8,q5lj,Oki MEU,1
460,209,10,q5lj,NHCP,3
460,210,18,q5lj,Ft Belv,1
460,211,7,q5lj,Guant,1
460,212,12,q5lj,CBIRF,1
460,213,16,q5lj,NH Jax,2
460,214,19,q5lj,NTTC,0
460,215,22,q5lj,NH Napl,3
460,216,11,q5lj,NMCP,6
460,217,6,q5lj,NH Rota,2
460,218,14,q5lj,NMCSD,2
460,219,15,q5lj,NH Sig,1
460,220,9,q5lj,NHTP,1
460,221,2,q5lj,WHMP,1
460,222,13,q5lj,NH Yoko,3
461,201,18,rzj1,NH Guam,1
461,202,9,rzj1,WRNMMC,0
461,203,13,rzj1,Lejeune MEU,2
461,204,19,rzj1,Lejeune MLG,2
461,205,10,rzj1,NHCL,3
461,206,22,rzj1,NH Oki,0
461,207,14,rzj1,Oki MLG,2
461,208,5,rzj1,Oki MEU,1
461,209,20,rzj1,NHCP,3
461,210,17,rzj1,Ft Belv,1
461,211,1,rzj1,Guant,1
461,212,21,rzj1,CBIRF,1
461,213,8,rzj1,NH Jax,2
461,214,15,rzj1,NTTC,0
461,215,11,rzj1,NH Napl,3
461,216,4,rzj1,NMCP,6
461,217,6,rzj1,NH Rota,2
461,218,12,rzj1,NMCSD,2
461,219,7,rzj1,NH Sig,1
461,220,3,rzj1,NHTP,1
461,221,2,rzj1,WHMP,1
461,222,16,rzj1,NH Yoko,3
462,201,18,hw3p,NH Guam,1
462,202,15,hw3p,WRNMMC,0
462,203,16,hw3p,Lejeune MEU,2
462,204,10,hw3p,Lejeune MLG,2
462,205,19,hw3p,NHCL,3
462,206,14,hw3p,NH Oki,0
462,207,9,hw3p,Oki MLG,2
462,208,11,hw3p,Oki MEU,1
462,209,13,hw3p,NHCP,3
462,210,5,hw3p,Ft Belv,1
462,211,4,hw3p,Guant,1
462,212,1,hw3p,CBIRF,1
462,213,22,hw3p,NH Jax,2
462,214,20,hw3p,NTTC,0
462,215,8,hw3p,NH Napl,3
462,216,2,hw3p,NMCP,6
462,217,6,hw3p,NH Rota,2
462,218,17,hw3p,NMCSD,2
462,219,21,hw3p,NH Sig,1
462,220,3,hw3p,NHTP,1
462,221,7,hw3p,WHMP,1
462,222,12,hw3p,NH Yoko,3
